folder,file,relative_path,title,authors,year,status,primary_domain,bib_key,bib_status,canonical_url,verification_status,pages,word_count,figure_caption_count,table_caption_count,core_concepts,key_claims,method_or_evidence,conclusions,figures_tables_useful,limitations,crpto_value,extended_lab_value,quarto_destination,decision,action_required,evidence_gate,artifact_sink,stop_rule,implementation_or_experiment,notes,tags
paper,Albanesi Vamossy 2024 - Credit Scores Performance and Equity.pdf,paper/Albanesi Vamossy 2024 - Credit Scores Performance and Equity.pdf,Credit Scores: Performance and Equity,Stefania Albanesi; Domonkos F. Vamossy,2024,NBER working paper,credit scoring / equity,albanesi2024credit,existing,https://doi.org/10.3386/w32917,local_pdf_text,59,21439,10,30,"Score performance, equity, misclassification, rank disagreement, observable vulnerable groups.",Better scores can improve accuracy while also changing error allocation across groups.,Empirical credit-score comparison and equity diagnostics.,"Useful for metric governance: report discrimination, calibration, utility and equity together.",Use tables on score performance/equity as template for FICO proxy vs champion diagnostics.,Not Lending Club CRPTO evidence and not a legal fair-lending protocol.,Light motivation: CRPTO is not only AUC; calibrated decision inputs require governance.,Strong appendix support for score-proxy vs champion ML and equity boundary.,agenda extendida CRPTO/tesis appendix; Paper CRPTO motivation only.,append_extended_governance,completed_quarto_patch,No run: literature integration only.,docs/research/papers_tesis_deep_audit_2026-06-06.md,Do not reopen a lane unless it changes a manuscript claim.,,,credit;equity;governance
paper,Angelopoulos Bates 2023 - Gentle Introduction to Conformal Prediction.pdf,paper/Angelopoulos Bates 2023 - Gentle Introduction to Conformal Prediction.pdf,Conformal Prediction: A Gentle Introduction,Anastasios N. Angelopoulos; Stephen Bates,2023,Foundations and Trends in Machine Learning,conformal foundations,angelopoulos2023,existing,https://arxiv.org/abs/2107.07511,local_pdf_text,51,25093,28,1,"Exchangeability, split conformal, prediction sets, finite-sample marginal coverage.",Distribution-free uncertainty can be wrapped around black-box predictors.,"Tutorial/survey with proofs, examples and diagnostics.",Best pedagogical citation for explaining why CRPTO's intervals are valid before optimization.,Use tutorial figures only conceptually; the paper needs its own CRPTO diagram.,Introductory; not a portfolio optimizer or credit-risk paper.,Core theory support for the uncertainty layer.,Proof-audit reference for lab gates.,CRPTO theory and glossary.,promote_crpto_body,none_now,No run: literature integration only.,docs/research/papers_tesis_deep_audit_2026-06-06.md,Do not reopen a lane unless it changes a manuscript claim.,,,conformal;foundation
paper,Angelopoulos et al 2024 - Conformal Risk Control.pdf,paper/Angelopoulos et al 2024 - Conformal Risk Control.pdf,Conformal Risk Control,Anastasios N. Angelopoulos; Stephen Bates; Adam Fisch; Lihua Lei; Tal Schuster,2024,ICLR 2024,conformal risk control,angelopoulos2024risk,existing,https://openreview.net/forum?id=33XGfHLtZg,local_pdf_text,21,11236,7,0,"Risk control, monotone bounded losses, post-hoc calibration, user-defined loss.",Conformal calibration can control expected loss beyond ordinary set coverage.,Finite-sample risk-control framework.,Direct ancestor of CRPTO's funded-set weighted miscoverage framing.,Use conceptual loss-control diagrams as related-work inspiration.,Does not itself define a portfolio-funded-set bound.,Core theory support for mapping uncertainty to a decision-relevant loss.,CRC/LTT decision-loss gates for future experiments.,CRPTO theory; agenda extendida CRPTO/tesis gate register.,promote_crpto_body,none_now,No run: literature integration only.,docs/research/papers_tesis_deep_audit_2026-06-06.md,Do not reopen a lane unless it changes a manuscript claim.,,,conformal;risk_control
paper,Angelopoulos et al 2024 - Theoretical Foundations of Conformal Prediction.pdf,paper/Angelopoulos et al 2024 - Theoretical Foundations of Conformal Prediction.pdf,Theoretical Foundations of Conformal Prediction,Anastasios N. Angelopoulos; Rina Foygel Barber; Stephen Bates,2026,Cambridge University Press pre-publication / monograph,conformal foundations,angelopoulos2024foundations,existing,https://arxiv.org/abs/2411.11824,local_pdf_text,266,136226,44,1,"Exchangeability, exact finite-sample coverage, randomized quantiles, modern CP theory.","Conformal validity is a theorem about a procedure and assumptions, not a model-quality claim.",Long-form theoretical reference.,Use as the canonical proof reference for split conformal language and limitations.,"Use definitions/proof structure, not figures, in CRPTO.",Too broad for the paper body; cite selectively.,Canonical theory reference for the proof and notation.,Proof-audit anchor for future online/source claims.,CRPTO theory; glossary.,promote_crpto_body,none_now,No run: literature integration only.,docs/research/papers_tesis_deep_audit_2026-06-06.md,Do not reopen a lane unless it changes a manuscript claim.,,,conformal;foundation
paper,Angelopoulos et al 2025 - Learn Then Test.pdf,paper/Angelopoulos et al 2025 - Learn Then Test.pdf,Learn then Test: Calibrating Predictive Algorithms to Achieve Risk Control,Anastasios N. Angelopoulos; Stephen Bates; Emmanuel J. Candes; Michael I. Jordan; Lihua Lei,2025,Annals of Applied Statistics,risk control / post-hoc testing,angelopoulos2025ltt,existing,https://doi.org/10.1214/24-AOAS1998,local_pdf_text,22,11696,11,0,"Learn-then-test, finite-sample risk guarantees, post-hoc risk calibration.",Predictive algorithms can be calibrated after learning to satisfy risk constraints.,Statistical testing/calibration framework.,Supports predeclared gates and reviewer-safe validation language.,Use algorithmic workflow conceptually for gate diagrams.,Does not solve downstream optimization by itself.,Supports exact risk-gate language and post-selection caveats.,Lane-gate template for CRC/LTT decision-loss checks.,CRPTO theory; agenda extendida CRPTO/tesis future gate register.,promote_crpto_body,none_now,No run: literature integration only.,docs/research/papers_tesis_deep_audit_2026-06-06.md,Do not reopen a lane unless it changes a manuscript claim.,,,conformal;risk_control;gates
paper,Barber et al 2021 - Limits of Distribution-Free Conditional Predictive Inference.pdf,paper/Barber et al 2021 - Limits of Distribution-Free Conditional Predictive Inference.pdf,The Limits of Distribution-Free Conditional Predictive Inference,Rina Foygel Barber; Emmanuel J. Candes; Aaditya Ramdas; Ryan J. Tibshirani,2021,Information and Inference,conditional coverage limits,barber2021limits,existing,https://doi.org/10.1093/imaiai/iaaa017,local_pdf_text,34,13440,0,0,"Conditional coverage impossibility, approximate conditional validity, subgroup limits.",Exact distribution-free conditional coverage is impossible without assumptions or restrictions.,Theoretical impossibility/boundary results.,This is a claim-boundary source: it prevents overclaiming subgroup guarantees.,"Use theorem statements, not figures.","Boundary paper, not an implementation.",Keeps Mondrian coverage language honest.,Source/fairness coverage caveat.,CRPTO theory; agenda extendida CRPTO/tesis online/source caveats.,promote_crpto_body,none_now,No run: literature integration only.,docs/research/papers_tesis_deep_audit_2026-06-06.md,Do not reopen a lane unless it changes a manuscript claim.,,,conformal;conditional_coverage;claim_boundary
paper,Bates et al 2021 - Distribution-Free Risk-Controlling Prediction Sets.pdf,paper/Bates et al 2021 - Distribution-Free Risk-Controlling Prediction Sets.pdf,"Distribution-Free, Risk-Controlling Prediction Sets",Stephen Bates; Anastasios N. Angelopoulos; Lihua Lei; Jitendra Malik; Michael I. Jordan,2021,arXiv / risk-control foundation,risk-controlling prediction sets,bates2021rcps,existing,https://arxiv.org/abs/2101.02703,local_pdf_text,34,17464,23,1,"RCPS, set-valued prediction, expected loss control, black-box models.",Prediction sets can be calibrated to control a user-defined risk distribution-free.,Post-hoc calibration framework.,Provides the bridge from coverage to risk-control vocabulary.,Use algorithmic schematic as conceptual support only.,General prediction sets; no credit portfolio objective.,Core CRPTO theory lineage.,Decision-risk gate template.,CRPTO theory and related work.,promote_crpto_body,none_now,No run: literature integration only.,docs/research/papers_tesis_deep_audit_2026-06-06.md,Do not reopen a lane unless it changes a manuscript claim.,,,conformal;risk_control
paper,Bertsimas Gupta Kallus 2018 - Data-Driven Robust Optimization.pdf,paper/Bertsimas Gupta Kallus 2018 - Data-Driven Robust Optimization.pdf,Data-Driven Robust Optimization,Dimitris Bertsimas; Vishal Gupta; Nathan Kallus,2018,Mathematical Programming,data-driven robust optimization,bertsimas2018datadriven,needs_bib_if_cited,https://doi.org/10.1007/s10107-017-1125-8,local_pdf_text,53,23925,10,5,"Uncertainty sets learned from data, robustness guarantees, finite-sample feasibility.",Robust sets can be constructed data-driven rather than manually specified.,Optimization theory and computational experiments.,Supports the historical progression from ad-hoc RO to calibrated/data-driven uncertainty sets.,Useful as related-work table contrasting source of uncertainty sets.,Not conformal and not Lending Club-specific.,Background for why conformal sets are a natural next RO step.,Context only.,CRPTO related work if a longer RO paragraph is added.,context_crpto_related_work,none_now,No run: literature integration only.,docs/research/papers_tesis_deep_audit_2026-06-06.md,Do not reopen a lane unless it changes a manuscript claim.,,,robust_optimization
paper,Bertsimas Kallus 2020 - From Predictive to Prescriptive Analytics.pdf,paper/Bertsimas Kallus 2020 - From Predictive to Prescriptive Analytics.pdf,From Predictive to Prescriptive Analytics,Dimitris Bertsimas; Nathan Kallus,2020,Management Science,prescriptive analytics,bertsimas2020prescriptive,needs_bib_if_cited,https://doi.org/10.1287/mnsc.2018.3253,local_pdf_text,57,27603,12,0,"Prescriptive analytics, decision quality, predictive-to-prescriptive bridge.",Prediction alone is insufficient; decision policies should be evaluated by downstream outcomes.,Framework and empirical prescriptive methods.,"Useful framing for why CRPTO evaluates funded-set outcomes, not AUC only.",Related-work schematic only.,Not conformal and not a risk-control guarantee.,Strengthens introduction/positioning.,Supports governed decision-analytics framing.,CRPTO related work or thesis framing.,context_crpto_related_work,none_now,No run: literature integration only.,docs/research/papers_tesis_deep_audit_2026-06-06.md,Do not reopen a lane unless it changes a manuscript claim.,,,prescriptive_analytics;decision
paper,Bertsimas Sim 2004 - The Price of Robustness.pdf,paper/Bertsimas Sim 2004 - The Price of Robustness.pdf,The Price of Robustness,Dimitris Bertsimas; Melvyn Sim,2004,Operations Research,robust optimization,bertsimas2004,existing,https://doi.org/10.1287/opre.1030.0065,local_pdf_text,34,9963,13,5,"Budgeted uncertainty, protection level, tractable robust LP/IP, price of robustness.","Robustness trades objective value for protection in a tunable, tractable way.",Classical robust optimization formulation.,Use as the language ancestor for alpha -> Gamma_CP -> return trade-off.,Use price-of-robustness framing in CRPTO figures.,"Budget is chosen, not conformally calibrated.",Core RO foundation.,Tail/challenger context.,CRPTO theory and portfolio chapter.,promote_crpto_body,none_now,No run: literature integration only.,docs/research/papers_tesis_deep_audit_2026-06-06.md,Do not reopen a lane unless it changes a manuscript claim.,,,robust_optimization
paper,Chi Ding Peng 2019 - Data-Driven Robust Credit Portfolio Optimization in P2P Lending.pdf,paper/Chi Ding Peng 2019 - Data-Driven Robust Credit Portfolio Optimization in P2P Lending.pdf,Data-Driven Robust Credit Portfolio Optimization for Investment Decisions in P2P Lending,Guangyu Chi; Lei Ding; Xiangyu Peng,2019,Applied Soft Computing / Elsevier article,P2P credit portfolio optimization,chi2019p2p,added_2026_06_06,,local_pdf_text,10,8038,2,2,"P2P lending, robust credit portfolio, data-driven scoring, risk-return allocation.",Robust optimization can improve P2P investment decisions under model uncertainty.,Empirical P2P lending optimization study.,Closest credit-domain precedent for robust P2P allocation.,Use experimental design/tables as comparator template for Lending Club portfolio papers.,No conformal guarantees and no funded-set miscoverage bound.,Important applied-credit related work.,Context for digital-lending robust allocation.,CRPTO related work; thesis context.,append_crpto_related_work,completed_bib_quarto_patch,No run: literature integration only.,docs/research/papers_tesis_deep_audit_2026-06-06.md,Do not reopen a lane unless it changes a manuscript claim.,,,credit;robust_optimization;p2p
paper,Donti et al 2017 - Task-Based End-to-End Model Learning.pdf,paper/Donti et al 2017 - Task-Based End-to-End Model Learning.pdf,Task-based End-to-end Model Learning in Stochastic Optimization,Priya L. Donti; Brandon Amos; J. Zico Kolter,2017,NeurIPS 2017,decision-focused learning,donti2017,existing,https://arxiv.org/abs/1703.04529,local_pdf_text,15,9069,5,2,"End-to-end learning, differentiable optimization, downstream task loss.",Training against task loss can outperform prediction-error training for decisions.,Decision-focused learning experiments.,DFL lineage for SPO+/PyEPO comparator.,"Use as historical DFL lineage, not as CRPTO method figure.",No conformal coverage or credit-specific auditability.,Comparator lineage only.,Supports PyEPO/DFL lane.,CRPTO related work; agenda extendida CRPTO/tesis DFL appendix.,append_comparator,none_now,No run: literature integration only.,docs/research/papers_tesis_deep_audit_2026-06-06.md,Do not reopen a lane unless it changes a manuscript claim.,,,dfl
paper,Elmachtoub Grigas 2022 - Smart Predict Then Optimize.pdf,paper/Elmachtoub Grigas 2022 - Smart Predict Then Optimize.pdf,"Smart Predict, then Optimize",Adam N. Elmachtoub; Paul Grigas,2022,Management Science,SPO+ / predict-then-optimize,elmachtoub2022,existing,https://doi.org/10.1287/mnsc.2020.3922,local_pdf_text,46,19271,7,0,"SPO loss, SPO+ surrogate, regret-oriented training, downstream decision quality.",Models can be trained to reduce decision regret rather than prediction error.,Theory and computational experiments for SPO/SPO+.,Primary DFL comparator: SPO+ may reduce regret but does not provide conformal auditability.,Use benchmark/regret tables as comparator template.,No coverage guarantee and no uncertainty-set audit trail.,"Core comparator, not replacement.",Formal PyEPO lane support.,CRPTO related work and SPO appendix.,append_comparator,none_now,No run: literature integration only.,docs/research/papers_tesis_deep_audit_2026-06-06.md,Do not reopen a lane unless it changes a manuscript claim.,,,dfl;spo
paper,Guo et al 2016 - Instance-Based Credit Risk Assessment for Investment Decisions in P2P Lending.pdf,paper/Guo et al 2016 - Instance-Based Credit Risk Assessment for Investment Decisions in P2P Lending.pdf,Instance-based Credit Risk Assessment for Investment Decisions in P2P Lending,Yanhui Guo; Wenjun Zhou; Chunyu Luo; Chuanren Liu; Hui Xiong,2016,European Journal of Operational Research,P2P credit decision support,guo2016p2p,needs_bib_if_cited,https://doi.org/10.1016/j.ejor.2015.05.050,local_pdf_text,10,10638,3,1,"Instance-based learning, P2P loan investment, risk-return decision support.",Loan-level decision support can improve P2P investment performance.,Empirical P2P lending recommender/credit assessment.,Useful historical Lending Club/P2P context.,Portfolio decision tables can inspire thesis background.,No conformal or robust bound.,Applied setting support.,Digital-lending decision context.,Related work if credit-domain section expands.,context_credit_domain,none_now,No run: literature integration only.,docs/research/papers_tesis_deep_audit_2026-06-06.md,Do not reopen a lane unless it changes a manuscript claim.,,,credit;p2p
paper,Hu et al 2026 - Conformal Robustness Control.pdf,paper/Hu et al 2026 - Conformal Robustness Control.pdf,Conformal Robustness Control,Yang Hu; Jieren Tan; Changliang Zou; Yajie Bao; Haojie Ren,2026,ICLR 2026,conformal robustness / decision risk,hu2026crc,added_2026_06_06,https://openreview.net/forum?id=xRjOrcj08o,web_primary_and_local_pdf,29,15751,8,6,"Robustness control, conformal calibration, robust decision criteria.",Conformal machinery can certify robustness-oriented decision properties.,Recent conference method with robust-control framing.,"Confirms CRPTO is timely, but should remain future-work unless reproduced.","Use as frontier map figure/table in related work, not main evidence.",Not yet implemented in the project; no Lending Club funded-set result.,Future-work frontier; supports not overclaiming current method.,Candidate future gate for robustness certificates.,agenda extendida CRPTO/tesis future gate; CRPTO related-work frontier.,park_future_work,completed_bib_quarto_patch,Only run if a reviewer asks for robustness-control comparison or it changes C4/C6.,agenda extendida CRPTO/tesis future experiment register.,Park if it cannot be evaluated on frozen CRPTO artifacts without retraining a new method.,Possible robustness-control audit over V/violation; not executed.,,conformal;robustness;future_work
paper,Jagtiani Lemieux 2019 - Alternative Data and Machine Learning in Fintech Lending.pdf,paper/Jagtiani Lemieux 2019 - Alternative Data and Machine Learning in Fintech Lending.pdf,The Roles of Alternative Data and Machine Learning in Fintech Lending,Julapa Jagtiani; Catharine Lemieux,2019,Financial Management,fintech lending / LendingClub,jagtiani2019altdata,existing,https://doi.org/10.1111/fima.12295,local_pdf_text,32,11827,4,2,"LendingClub, alternative data, credit grades, FICO relationship, fintech underwriting.",Fintech grades and alternative data provide empirical credit information beyond traditional scores.,Empirical LendingClub study.,Best setting citation for why Lending Club is a meaningful credit-risk lab.,"Use tables about grade/FICO/performance as context, not CRPTO evidence.",Does not validate CRPTO or fairness claims.,Core empirical-setting support.,Metric governance and FICO proxy context.,CRPTO introduction and dataset context.,promote_crpto_body,none_now,No run: literature integration only.,docs/research/papers_tesis_deep_audit_2026-06-06.md,Do not reopen a lane unless it changes a manuscript claim.,,,credit;lendingclub
paper,Johnstone Cox 2021 - Conformal Uncertainty Sets for Robust Optimization.pdf,paper/Johnstone Cox 2021 - Conformal Uncertainty Sets for Robust Optimization.pdf,Conformal Uncertainty Sets for Robust Optimization,Chancellor Johnstone; Bruce Cox,2021,COPA / PMLR,conformal robust optimization,johnstone2021,existing,https://proceedings.mlr.press/v152/johnstone21a.html,local_pdf_text,19,7385,8,0,"Conformal regions as uncertainty sets, robust optimization, finite-sample validity.",Conformal prediction regions can feed robust optimization with validity.,Method paper with simulation evidence.,Closest foundational CP -> RO bridge.,Use as conceptual predecessor for CRPTO pipeline figure.,No credit-specific funded-set weighted bound.,Core method foundation.,Context only.,CRPTO theory and related work.,promote_crpto_body,none_now,No run: literature integration only.,docs/research/papers_tesis_deep_audit_2026-06-06.md,Do not reopen a lane unless it changes a manuscript claim.,,,conformal;robust_optimization
paper,Patel et al 2024 - Conformal Contextual Robust Optimization.pdf,paper/Patel et al 2024 - Conformal Contextual Robust Optimization.pdf,Conformal Contextual Robust Optimization,Neel Patel; Omar Rayan; Ambuj Tewari,2024,AISTATS 2024,conformal contextual robust optimization,patel2024,existing,https://arxiv.org/abs/2310.10003,local_pdf_text,22,8949,8,2,"Contextual robust optimization, conformal regions, generative uncertainty.",Informative conformal uncertainty regions can improve robust contextual decisions.,Method and benchmark experiments.,Strong neighboring method but with different uncertainty geometry and domains.,Use related-work contrast table.,Not credit-specific and no funded-set PD constraint.,Direct neighbor in related work.,Future high-dimensional uncertainty context.,CRPTO related work.,promote_crpto_body,none_now,No run: literature integration only.,docs/research/papers_tesis_deep_audit_2026-06-06.md,Do not reopen a lane unless it changes a manuscript claim.,,,conformal;robust_optimization
paper,Sun et al 2024 - Predict-then-Calibrate.pdf,paper/Sun et al 2024 - Predict-then-Calibrate.pdf,Predict-then-Calibrate: A New Perspective of Robust Contextual LP,Chunlin Sun; Linyu Liu; Xiaocheng Li,2024,arXiv / robust contextual LP,predict-then-calibrate,sun2024ptc,existing,https://arxiv.org/abs/2305.15686,local_pdf_text,33,15922,7,4,"Predict-then-calibrate, robust contextual LP, box/ellipsoid uncertainty sets.",Post-hoc calibration can build valid uncertainty sets for robust contextual optimization.,Theory and experiments for robust LP calibration.,Closest conceptual comparator to post-hoc CRPTO.,Use contrast table: PtC set membership vs CRPTO funded-set weighted risk.,No Lending Club and no Mondrian funded-set bound.,Core closest-neighbor contrast.,Selector/calibration context.,CRPTO related work and theory.,promote_crpto_body,none_now,No run: literature integration only.,docs/research/papers_tesis_deep_audit_2026-06-06.md,Do not reopen a lane unless it changes a manuscript claim.,,,conformal;robust_optimization;ptc
paper,Torkian Bamdad Sarfaraz 2025 - AI OR Investment Decisions in Digital Lending.pdf,paper/Torkian Bamdad Sarfaraz 2025 - AI OR Investment Decisions in Digital Lending.pdf,Integrating AI and OR for investment decision-making in emerging digital lending businesses,Vajiheh Torkian; Shahrooz Bamdad; Amir Homayoun Sarfaraz,2026,Journal of the Operational Research Society; online 2025,AI/OR digital lending,aior2025lendingclub,added_2026_06_06,https://doi.org/10.1080/01605682.2025.2498652,web_primary_and_local_pdf,21,14792,9,10,"Digital lending, multi-objective risk-return optimization, AI + OR pipeline.",Combining ML and OR improves investment recommendations in digital lending.,Applied multi-objective optimization paper.,Useful applied competitor/context; not a conformal method.,Use risk-return frontier and experimental setup as agenda extendida CRPTO/tesis comparator inspiration.,"No conformal coverage, no CRPTO bound, no Lending Club champion evidence.",Related-work context only.,agenda extendida CRPTO/tesis digital-lending architecture context.,agenda extendida CRPTO/tesis synthesis; CRPTO related work if space allows.,append_extended_context,completed_bib_quarto_patch,No run: literature integration only.,docs/research/papers_tesis_deep_audit_2026-06-06.md,Do not reopen a lane unless it changes a manuscript claim.,,,credit;optimization;digital_lending
paper,Zhao et al 2026 - Conformal Robust Optimization and Satisficing.pdf,paper/Zhao et al 2026 - Conformal Robust Optimization and Satisficing.pdf,Conformal Robust Optimization and Satisficing for Prescriptive Analytics with Black-Box Predictors,Lingjie Zhao; Hansheng Jiang; Wei Qi,2026,AISTATS workshop / SSRN working paper,conformal robust optimization / satisficing,zhao2025robust,existing,https://papers.ssrn.com/sol3/papers.cfm?abstract_id=5338354,local_pdf_text,5,3097,1,1,"Conformal robust optimization, satisficing, black-box predictors, parameter mapping.",CRO and conformal robust satisficing can certify robust prescriptive decisions.,Workshop paper with optimization experiments.,Valuable frontier for satisficing margins and policy acceptance thresholds.,"Use satisficing margin idea for appendix, not body.",Preprint/workshop and not credit-specific.,Related-work frontier.,Satisficing/governance candidate.,CRPTO related work; agenda extendida CRPTO/tesis future gates.,append_future_work,none_now,No run: literature integration only.,docs/research/papers_tesis_deep_audit_2026-06-06.md,Do not reopen a lane unless it changes a manuscript claim.,,,conformal;robust_optimization;satisficing
supplement,Angelopoulos et al 2026 - Conformal Risk Control for Non-Monotonic Losses.pdf,supplement/Angelopoulos et al 2026 - Conformal Risk Control for Non-Monotonic Losses.pdf,Conformal Risk Control for Non-Monotonic Losses,Anastasios N. Angelopoulos,2026,arXiv preprint,non-monotonic conformal risk control,angelopoulos2026nonmonotonic,existing,https://arxiv.org/abs/2602.20151,local_pdf_text,22,10455,6,0,"Non-monotonic loss, risk control, multi-objective loss families.",CRC ideas can extend beyond monotone losses under new machinery.,Theory preprint.,Useful for future compound loss: return + V + CVaR + source risk.,Use loss examples for future gate design.,Not implemented; would change current CRPTO claim.,Future-work only.,Strong future gate for composite risk.,agenda extendida CRPTO/tesis future experiment register.,park_future_work,none_now,Only reopen with a fixed compound loss and prospective split.,docs/research/papers_tesis_deep_audit_2026-06-06.md,Do not reopen a lane unless it changes a manuscript claim.,,,conformal;risk_control;future_work
supplement,Bao et al 2025 - CROMS Optimal Model Selection for Conformalized Robust Optimization.pdf,supplement/Bao et al 2025 - CROMS Optimal Model Selection for Conformalized Robust Optimization.pdf,Optimal Model Selection for Conformalized Robust Optimization,Yajie Bao; Yang Hu; Haojie Ren; Peng Zhao; Changliang Zou,2025,arXiv preprint,CROMS / model selection,bao2025croms,existing,https://arxiv.org/abs/2507.04716,local_pdf_text,104,40342,6,14,"Conformalized robust optimization, decision-aware model selection, downstream risk.",Selecting conformal models should account for robust decision performance.,Theory/algorithm and experiments.,Justifies CRPTO's CROMS-lite selector but not a full implementation claim.,Use selection diagrams/tables to structure A5/A10 appendix.,"Project only has a selector screen over artifacts, not CROMS training.",Appendix selector support.,Lane 2 selector context.,CRPTO appendix and agenda extendida CRPTO/tesis selector lane.,append_crpto_selector,none_now,No run: literature integration only.,docs/research/papers_tesis_deep_audit_2026-06-06.md,Do not reopen a lane unless it changes a manuscript claim.,,,conformal;selector;robust_optimization
supplement,Barber Candes Ramdas Tibshirani 2023 - Conformal Prediction Beyond Exchangeability.pdf,supplement/Barber Candes Ramdas Tibshirani 2023 - Conformal Prediction Beyond Exchangeability.pdf,Conformal Prediction Beyond Exchangeability,Rina Foygel Barber; Emmanuel J. Candes; Aaditya Ramdas; Ryan J. Tibshirani,2023,Annals of Statistics,beyond exchangeability / weighted conformal,barber2023beyond,added_2026_06_06,https://doi.org/10.1214/23-AOS2276,web_primary_and_local_pdf,63,23681,6,6,"Weighted exchangeability, distribution shift, non-exchangeable conformal validity.",Conformal validity can be extended with weights under structured departures from exchangeability.,Theory paper.,Important boundary/future source for source/shift lanes.,Use assumptions table for source governance appendix.,Requires weight/shift structure not currently guaranteed.,Caveat/future work.,Strong source/shift conformal lane reference.,agenda extendida CRPTO/tesis online/source caveat.,append_extended_source_shift,completed_bib_quarto_patch,No run: literature integration only.,docs/research/papers_tesis_deep_audit_2026-06-06.md,Do not reopen a lane unless it changes a manuscript claim.,,,conformal;shift;source
supplement,Ben-Tal Teboulle 2007 - Optimized Certainty Equivalent.pdf,supplement/Ben-Tal Teboulle 2007 - Optimized Certainty Equivalent.pdf,An Old-New Concept of Convex Risk Measures: The Optimized Certainty Equivalent,Aharon Ben-Tal; Marc Teboulle,2007,Mathematical Finance,OCE / convex risk measures,bental2007oce,existing,https://doi.org/10.1111/j.1467-9965.2007.00311.x,local_pdf_text,30,11477,0,0,"Optimized certainty equivalent, convex risk measures, CVaR relation.",OCE provides a principled convex risk-measure family.,Mathematical risk-measure theory.,Grounds OCE/CVaR tail-risk appendix.,"Use definitions, not figures.",Does not choose a credit champion by itself.,Appendix tail-risk foundation.,Tail challenger foundation.,CRPTO appendix; agenda extendida CRPTO/tesis tail lane.,append_tail_risk,none_now,No run: literature integration only.,docs/research/papers_tesis_deep_audit_2026-06-06.md,Do not reopen a lane unless it changes a manuscript claim.,,,tail_risk;oce
supplement,Bhattacharyya Barber 2026 - Group-Weighted Conformal Prediction.pdf,supplement/Bhattacharyya Barber 2026 - Group-Weighted Conformal Prediction.pdf,Group-Weighted Conformal Prediction,Aabesh Bhattacharyya; Rina Foygel Barber,2026,Electronic Journal of Statistics,group-weighted conformal prediction,bhattacharyya2026groupweighted,added_2026_06_06,https://doi.org/10.1214/26-EJS2506,web_primary_and_local_pdf,27,13333,5,0,"Group-weighted CP, group-based shift, weighted conformal prediction.","When groups drive covariate shift, group-weighted calibration can improve guarantees.",Theory paper with group-weighted guarantees.,"Natural candidate for agenda extendida CRPTO/tesis source/grade reweighting, but not current CRPTO.",Use group-weighting assumptions for source-governance table.,Needs target/source group weights and prospective design.,Future robustness/context only.,Potential source/shift experiment over grade/period/source families.,agenda extendida CRPTO/tesis source/shift appendix.,append_mixed_diagnostic_source_not_better,experiment_completed_appendix_diagnostic,"Executed on frozen v4 replay with 2018 calibration and 2019-2020 holdout; absolute gate passed, but worst-source coverage fell 0.0111 below Mondrian.",docs/research/papers_tesis_deep_audit_2026-06-06.md,Append as source/shift diagnostic only; do not claim group-weighted source improvement over Mondrian.,"Group-weighted source-max replay: coverage 0.9387, avg width 0.9394, worst defended source 0.8602.",,conformal;group_weighted;shift
supplement,CFPB 2014 - Public Information Proxy Race Ethnicity.pdf,supplement/CFPB 2014 - Public Information Proxy Race Ethnicity.pdf,Using Publicly Available Information to Proxy for Unidentified Race and Ethnicity,Consumer Financial Protection Bureau,2014,official methodology report,fair-lending proxy methodology,cfpb2014bisg,needs_bib_if_cited,https://files.consumerfinance.gov/f/201409_cfpb_report_proxy-methodology.pdf,local_pdf_text,37,9880,6,17,"BISG-style proxy, surname/geography, proxy validation, protected-attribute limitation.",Race/ethnicity proxying requires richer inputs and careful validation.,Regulatory/official methodology report.,Supports why Lending Club zip3/state is insufficient for legal fair-lending claims.,Use proxy-method workflow as governance appendix reference.,Project lacks surname and fine geography.,Fairness limitation only.,Strong claim-boundary source for proxy governance.,agenda extendida CRPTO/tesis fairness/source governance.,append_extended_governance,none_now,No run: literature integration only.,docs/research/papers_tesis_deep_audit_2026-06-06.md,Do not reopen a lane unless it changes a manuscript claim.,,,fairness;governance
supplement,Chenreddy Delage 2024 - End-to-End Conditional Robust Optimization.pdf,supplement/Chenreddy Delage 2024 - End-to-End Conditional Robust Optimization.pdf,End-to-End Conditional Robust Optimization,Abhilash Chenreddy; Erick Delage,2024,UAI 2024 / PMLR,end-to-end conditional robust optimization,chenreddy2024,existing,https://arxiv.org/abs/2403.04670,local_pdf_text,13,9034,6,1,"Conditional robust optimization, differentiable optimization, end-to-end training.",End-to-end conditional robust training can improve conditional coverage/objective tradeoffs.,Method with differentiable robust optimization experiments.,"Frontier contrast: CRPTO is post-hoc and auditable, not end-to-end.",Use as frontier comparison table.,Different stack and conditional guarantees; not current project method.,Future-work contrast.,End-to-end lane context.,agenda extendida CRPTO/tesis future work; CRPTO related-work frontier.,park_future_work,none_now,No run: literature integration only.,docs/research/papers_tesis_deep_audit_2026-06-06.md,Do not reopen a lane unless it changes a manuscript claim.,,,robust_optimization;end_to_end
supplement,Cortes-Gomez et al 2025 - Utility-Directed Conformal Prediction.pdf,supplement/Cortes-Gomez et al 2025 - Utility-Directed Conformal Prediction.pdf,Utility-Directed Conformal Prediction,Santiago Cortes-Gomez; Carlos Patino; Yewon Byun; Steven Wu; Eric Horvitz; Bryan Wilder,2025,ICLR 2025,decision-aware conformal prediction,cortesgomez2025utility,added_2026_06_06,https://openreview.net/forum?id=iOMnn1hSBO,web_primary_and_local_pdf,21,11008,8,14,"Utility-directed CP, decision loss, actionable uncertainty, coverage preservation.",Prediction sets can incorporate downstream utility while retaining standard coverage.,Decision-aware conformal method and experiments.,Highly relevant future step: optimize CP usefulness without abandoning coverage.,Use framework diagram for future decision-loss conformal selector design.,Current CRPTO does not implement this training/calibration objective.,Future-work extension; supports A5 selector direction.,Candidate decision-loss gate or conformal utility experiment.,agenda extendida CRPTO/tesis future gates; CRPTO future work.,park_width_fail,experiment_completed_parked,Executed with fixed width/violation/tail-miss loss on frozen v4 replay; coverage rose to 0.9954 but avg width 0.9981 failed the 0.98 width gate.,docs/research/papers_tesis_deep_audit_2026-06-06.md,Park as negative width result; no utility-directed selector claim.,"Utility-directed loss replay: coverage 0.9954, avg width +0.2205 versus Mondrian, worst defended source 0.9499.",,conformal;utility;decision
supplement,FinRegLab 2023 - Explainability and Fairness in ML Credit Underwriting.pdf,supplement/FinRegLab 2023 - Explainability and Fairness in ML Credit Underwriting.pdf,Explainability and Fairness in Machine Learning for Credit Underwriting: Policy Analysis,FinRegLab,2023,policy report,ML credit governance,finreglab2023fairness,existing,https://finreglab.org/research/explainability-fairness-in-machine-learning-for-credit-underwriting-policy-analysis/,local_pdf_text,106,61633,0,0,"Explainability, fairness, adverse action, model governance, underwriting controls.",ML credit systems require governance controls beyond predictive performance.,Policy analysis and stakeholder evidence.,Supports MRM/fairness appendix and explains why claims must be bounded.,Use control-taxonomy tables for governance mapping.,"Policy report, not CRPTO empirical evidence.",Governance appendix support.,Strong governance/fairness boundary source.,CRPTO governance appendix; agenda extendida CRPTO/tesis governance.,append_governance,none_now,No run: literature integration only.,docs/research/papers_tesis_deep_audit_2026-06-06.md,Do not reopen a lane unless it changes a manuscript claim.,,,governance;fairness;credit
supplement,Gibbs Candes 2021 - Adaptive Conformal Inference Under Distribution Shift.pdf,supplement/Gibbs Candes 2021 - Adaptive Conformal Inference Under Distribution Shift.pdf,Adaptive Conformal Inference Under Distribution Shift,Isaac Gibbs; Emmanuel J. Candes,2021,NeurIPS 2021,adaptive conformal inference,gibbs2021aci,existing,https://arxiv.org/abs/2106.00170,local_pdf_text,25,12059,11,0,"ACI, online updating, distribution shift, adaptive quantiles.",Conformal thresholds can be adapted under shift to improve long-run coverage.,Algorithm and experiments.,"Future online/drift candidate, not current static CRPTO.",Use online update schematic for agenda extendida CRPTO/tesis future work.,Needs streaming/prospective feedback to claim deployment validity.,Future-work caveat.,Online/source conformal lane context.,agenda extendida CRPTO/tesis online caveat; thesis.,park_future_work,none_now,No run: literature integration only.,docs/research/papers_tesis_deep_audit_2026-06-06.md,Do not reopen a lane unless it changes a manuscript claim.,,,conformal;online;shift
supplement,Gibbs Cherian Candes 2025 - Conformal Prediction with Conditional Guarantees.pdf,supplement/Gibbs Cherian Candes 2025 - Conformal Prediction with Conditional Guarantees.pdf,Conformal Prediction with Conditional Guarantees,Isaac Gibbs; John J. Cherian; Emmanuel J. Candes,2025,JRSS-B,conditional conformal guarantees,gibbs2024,existing,https://arxiv.org/abs/2305.12616,local_pdf_text,54,28096,22,0,"Conditional guarantees, coverage spectrum, restricted conditional targets.",Relaxed conditional goals can be achieved where exact conditional coverage cannot.,Theory paper.,Supports future conditional-tightening language and source-group caveats.,Use conceptual spectrum for appendix if conditional validity is discussed.,"Not implemented in project; current Mondrian is finite-group conditional-ish, not exact individual conditional.",Caveat and future-work support.,Source/group coverage lane context.,agenda extendida CRPTO/tesis online/source caveat; CRPTO theory appendix.,append_claim_boundary,none_now,No run: literature integration only.,docs/research/papers_tesis_deep_audit_2026-06-06.md,Do not reopen a lane unless it changes a manuscript claim.,,,conformal;conditional_coverage
supplement,Guan 2023 - Localized Conformal Prediction.pdf,supplement/Guan 2023 - Localized Conformal Prediction.pdf,Localized Conformal Prediction,Leying Guan,2023,Biometrika,localized conformal prediction,guan2023localized,existing,https://doi.org/10.1093/biomet/asac040,local_pdf_text,29,16540,2,7,"Localized conformity scores, local calibration, approximate conditional validity.",Local weighting can improve adaptivity while retaining conformal inference structure.,Generalized local conformal framework.,Candidate comparator to Mondrian if future coverage sharpness matters.,Use local-vs-global schematic for appendix only.,Would require a new localized calibration design.,Future-work comparator.,Potential source/shift experiment.,agenda extendida CRPTO/tesis future gates; thesis.,append_mixed_diagnostic_wider_than_mondrian,experiment_completed_appendix_diagnostic,"Executed on frozen v4 replay with 2018 calibration and 2019-2020 holdout; coverage and worst-source coverage improved, but width increased 0.0867 versus Mondrian.",docs/research/papers_tesis_deep_audit_2026-06-06.md,Append only as reviewer-facing localized diagnostic; no localized guarantee or champion replacement claim.,"Localized score-bin replay: coverage 0.9497, avg width 0.8643, worst defended source 0.9252.",,conformal;localized
supplement,Jonkers et al 2024 - Conformal Predictive Systems Under Covariate Shift.pdf,supplement/Jonkers et al 2024 - Conformal Predictive Systems Under Covariate Shift.pdf,Conformal Predictive Systems Under Covariate Shift,Sander Jonkers and coauthors,2024,arXiv / preprint,covariate shift conformal systems,jonkers2024wcps,needs_bib_if_cited,,local_pdf_text,18,6825,4,1,"Conformal predictive systems, covariate shift, calibration under shift.",Conformal predictive systems can be adapted for shifted covariate distributions.,Method paper.,"Useful for source/shift caveat, not current champion.",Use shift taxonomy only.,Requires shift assumptions and is not credit-specific.,Future-work context.,Source/shift lane context.,agenda extendida CRPTO/tesis source/shift appendix if expanded.,context_source_shift,none_now,No run: literature integration only.,docs/research/papers_tesis_deep_audit_2026-06-06.md,Do not reopen a lane unless it changes a manuscript claim.,,,conformal;shift
supplement,Kiyani et al 2025 - Decision Theoretic Foundations for Conformal Prediction.pdf,supplement/Kiyani et al 2025 - Decision Theoretic Foundations for Conformal Prediction.pdf,Decision Theoretic Foundations for Conformal Prediction,Shayan Kiyani and coauthors,2025,AISTATS / ICML-era preprint,decision theory for conformal prediction,kiyani2025,existing,https://arxiv.org/abs/2502.02561,local_pdf_text,28,17605,3,3,"Decision-theoretic CP, utility, actionability, uncertainty quantification.","Conformal sets can be understood through decisions and utilities, not only coverage.",Theoretical framing.,Good conceptual support for CRPTO's decision-aware framing.,Use as theory bridge in future-work paragraph.,Does not implement CRPTO portfolio optimization.,Future/positioning support.,Decision-risk lab framing.,CRPTO discussion; agenda extendida CRPTO/tesis future gates.,append_future_work,none_now,No run: literature integration only.,docs/research/papers_tesis_deep_audit_2026-06-06.md,Do not reopen a lane unless it changes a manuscript claim.,,,conformal;decision
supplement,Lekeufack et al 2023 - Conformal Decision Theory.pdf,supplement/Lekeufack et al 2023 - Conformal Decision Theory.pdf,Conformal Decision Theory,Jordan Lekeufack and coauthors,2023,NeurIPS workshop / preprint,conformal decision theory,lekeufack2023cdt,needs_bib_if_cited,,local_pdf_text,9,7335,4,0,"Conformal prediction for decisions, calibrated decision policies, set-valued actions.",Conformal uncertainty can be integrated with decision-making objectives.,Conceptual/method paper.,Supports agenda extendida CRPTO/tesis decision-risk framing but is not a CRPTO baseline.,Use only as conceptual context.,No credit portfolio evidence.,Future-work context.,Decision analytics context.,agenda extendida CRPTO/tesis related work if expanded.,context_decision_conformal,none_now,No run: literature integration only.,docs/research/papers_tesis_deep_audit_2026-06-06.md,Do not reopen a lane unless it changes a manuscript claim.,,,conformal;decision
supplement,Lin Delage Chan 2024 - Conformal Inverse Optimization.pdf,supplement/Lin Delage Chan 2024 - Conformal Inverse Optimization.pdf,Conformal Inverse Optimization,Bo Lin; Erick Delage; Timothy C. Y. Chan,2024,NeurIPS 2024,conformal inverse optimization,chan2024inverse,existing,https://arxiv.org/abs/2402.01489,local_pdf_text,24,12919,5,2,"Inverse optimization, conformal uncertainty, decision ambiguity.",Conformal methods can quantify uncertainty in inverse optimization.,Theory/algorithm.,"Valuable frontier for auditing human/legacy decisions, not current CRPTO.",Use CREDO/inverse-optimization family as future audit lane.,Different problem: inferring preferences/parameters from decisions.,Future-work context.,Decision audit/source governance context.,agenda extendida CRPTO/tesis future gates.,park_future_work,none_now,No run: literature integration only.,docs/research/papers_tesis_deep_audit_2026-06-06.md,Do not reopen a lane unless it changes a manuscript claim.,,,conformal;inverse_optimization
supplement,Liu Levis Normand Han 2024 - Multi-Source Conformal Inference Under Distribution Shift.pdf,supplement/Liu Levis Normand Han 2024 - Multi-Source Conformal Inference Under Distribution Shift.pdf,Multi-Source Conformal Inference Under Distribution Shift,Meichen Liu; Alexander W. Levis; Sara-Lynne Normand; Larry Han,2024,arXiv preprint,multi-source conformal inference,liu2024multisource,needs_bib_if_cited,https://arxiv.org/abs/2402.12105,local_pdf_text,39,23862,15,9,"Multi-source inference, heterogeneous source distributions, shifted test populations.",Combining calibration sources carefully can maintain valid intervals under source shift.,Theory and experiments.,Directly relevant to agenda extendida CRPTO/tesis source-family holdout but needs stronger data design.,Use source-combination taxonomy for source governance.,"Current LC source groups are retrospective, not validated external sources.",Caveat/future work only.,Source-family holdout lane.,agenda extendida CRPTO/tesis online/source caveat.,append_extended_source_shift,none_now,No run: literature integration only.,docs/research/papers_tesis_deep_audit_2026-06-06.md,Do not reopen a lane unless it changes a manuscript claim.,,,conformal;source;shift
supplement,Liu et al 2026 - Online Conformal Prediction via Universal Portfolio Algorithms.pdf,supplement/Liu et al 2026 - Online Conformal Prediction via Universal Portfolio Algorithms.pdf,Online Conformal Prediction via Universal Portfolio Algorithms,Tuo Liu; Edgar Dobriban; Francesco Orabona,2026,arXiv preprint,online conformal prediction,liu2026portfolio,existing,https://arxiv.org/abs/2602.03168,local_pdf_text,63,23587,66,11,"Online conformal prediction, universal portfolios, regret-to-coverage, parameter-free adaptation.",Online CP can achieve long-run coverage via universal portfolio algorithms.,Theory and experiments.,"Excellent future direction for deployment, but current project is retrospective.",Use online update process as future-work schematic.,No production feedback stream in current data.,Future-work only.,Online lane context and stop-rule support.,agenda extendida CRPTO/tesis online caveat; CRPTO future work.,park_future_work,none_now,No run: literature integration only.,docs/research/papers_tesis_deep_audit_2026-06-06.md,Do not reopen a lane unless it changes a manuscript claim.,,,conformal;online
supplement,Mandi et al 2024 - Decision-Focused Learning Survey.pdf,supplement/Mandi et al 2024 - Decision-Focused Learning Survey.pdf,"Decision-Focused Learning: Foundations, State of the Art, Benchmark and Future Opportunities",Jayanta Mandi and coauthors,2024,Journal of Artificial Intelligence Research,decision-focused learning survey,mandi2024,existing,https://arxiv.org/abs/2307.13565,local_pdf_text,76,34467,24,3,"DFL taxonomy, SPO+, gradient-based/gradient-free methods, benchmarks.",DFL is mature but no single method dominates across tasks.,Survey and benchmark synthesis.,"Use to defend treating SPO+/PyEPO as comparator, not CRPTO replacement.",Use taxonomy table for agenda extendida CRPTO/tesis DFL suite framing.,Survey does not provide conformal guarantees.,Comparator framing.,Core PyEPO/DFL suite context.,CRPTO related work; agenda extendida CRPTO/tesis PyEPO section.,append_comparator,none_now,No run: literature integration only.,docs/research/papers_tesis_deep_audit_2026-06-06.md,Do not reopen a lane unless it changes a manuscript claim.,,,dfl;survey
supplement,Rockafellar Uryasev 2000 - Optimization of Conditional Value-at-Risk.pdf,supplement/Rockafellar Uryasev 2000 - Optimization of Conditional Value-at-Risk.pdf,Optimization of Conditional Value-at-Risk,R. Tyrrell Rockafellar; Stanislav Uryasev,2000,The Journal of Risk,CVaR optimization,rockafellar2000cvar,existing,https://doi.org/10.21314/JOR.2000.038,local_pdf_text,26,8861,1,9,"CVaR, tail risk, tractable convex optimization.",CVaR is optimizable and more useful than VaR for tail-risk control.,Optimization theory.,Grounds A12 and agenda extendida CRPTO/tesis tail challenger.,"Use formulation, not figures.",Tail-risk improvement does not imply wealth champion.,Appendix tail-risk diagnostic.,Strong CVaR challenger foundation.,CRPTO appendix; agenda extendida CRPTO/tesis tail lane.,append_tail_risk,none_now,No run: literature integration only.,docs/research/papers_tesis_deep_audit_2026-06-06.md,Do not reopen a lane unless it changes a manuscript claim.,,,tail_risk;cvar
supplement,Romano Patterson Candes 2019 - Conformalized Quantile Regression.pdf,supplement/Romano Patterson Candes 2019 - Conformalized Quantile Regression.pdf,Conformalized Quantile Regression,Yaniv Romano; Evan Patterson; Emmanuel J. Candes,2019,NeurIPS 2019,CQR,romano2019,existing,https://arxiv.org/abs/1905.03222,local_pdf_text,19,8886,9,2,"Conformalized quantile regression, adaptive intervals, split conformal.",Quantile regression plus conformalization yields valid adaptive intervals.,Method and experiments.,Baseline/variant reference for interval adaptivity.,Use interval-width/adaptivity examples in conformal chapter.,"Current champion is Mondrian score-decile, not CQR.",Conformal variant/context.,Potential future variant only.,Conformal chapter; CRPTO appendix.,append_conformal_variant,none_now,No run: literature integration only.,docs/research/papers_tesis_deep_audit_2026-06-06.md,Do not reopen a lane unless it changes a manuscript claim.,,,conformal;cqr
supplement,Schutte et al 2024 - Robust Losses for Decision-Focused Learning.pdf,supplement/Schutte et al 2024 - Robust Losses for Decision-Focused Learning.pdf,Robust Losses for Decision-Focused Learning,Wolfgang Schutte and coauthors,2024,NeurIPS / arXiv-era DFL paper,robust DFL,schutte2024robust,needs_bib_if_cited,,local_pdf_text,10,9002,4,1,"Robust decision-focused losses, decision regret, misspecification.",Robust losses can improve DFL under uncertainty or misspecification.,DFL method and experiments.,agenda extendida CRPTO/tesis DFL challenger context; not a CRPTO body claim.,Use loss comparison table for DFL appendix only.,No conformal auditability or credit-specific bound.,Comparator/future work.,Potential DFL suite extension.,agenda extendida CRPTO/tesis PyEPO/DFL appendix if expanded.,park_future_dfl,none_now,No run: literature integration only.,docs/research/papers_tesis_deep_audit_2026-06-06.md,Do not reopen a lane unless it changes a manuscript claim.,,,dfl;robustness
supplement,Tibshirani et al 2019 - Conformal Prediction Under Covariate Shift.pdf,supplement/Tibshirani et al 2019 - Conformal Prediction Under Covariate Shift.pdf,Conformal Prediction Under Covariate Shift,Ryan J. Tibshirani; Rina Foygel Barber; Emmanuel J. Candes; Aaditya Ramdas,2019,NeurIPS 2019,weighted conformal / covariate shift,tibshirani2019covshift,needs_bib_if_cited,https://arxiv.org/abs/1904.06019,local_pdf_text,11,6021,1,0,"Covariate shift, weighted conformal prediction, likelihood-ratio weights.",Conformal coverage can adapt under covariate shift if weights are known/estimated.,Theory and experiments.,Core source for future source/shift gates.,Use assumption table for source-shift appendix.,Requires credible density-ratio/weight estimation.,Future/caveat only.,Source/shift conformal lane.,agenda extendida CRPTO/tesis online/source caveat.,append_extended_source_shift,none_now,No run: literature integration only.,docs/research/papers_tesis_deep_audit_2026-06-06.md,Do not reopen a lane unless it changes a manuscript claim.,,,conformal;shift
supplement,Yang Jin 2026 - Multi-Distribution Robust Conformal Prediction.pdf,supplement/Yang Jin 2026 - Multi-Distribution Robust Conformal Prediction.pdf,Multi-Distribution Robust Conformal Prediction,Yuqi Yang; Ying Jin,2026,arXiv preprint,multi-distribution robust conformal prediction,yang2026multidistribution,existing,https://arxiv.org/abs/2601.02998,local_pdf_text,45,26846,26,0,"Multiple source distributions, robust coverage, max-p aggregation.",Finite-sample coverage can be made robust over multiple distributions/mixtures.,Theory preprint.,Strong source-robustness future-work citation.,Use source distribution diagram if agenda extendida CRPTO/tesis source appendix expands.,"Current project has retrospective source proxies, not true multi-source deployment.",Future-work context.,Source-governance lane and caveat.,CRPTO future work; agenda extendida CRPTO/tesis source caveat.,append_future_work,none_now,No run: literature integration only.,docs/research/papers_tesis_deep_audit_2026-06-06.md,Do not reopen a lane unless it changes a manuscript claim.,,,conformal;source;shift
supplement,Yeh et al 2025 - Conformal Risk Training.pdf,supplement/Yeh et al 2025 - Conformal Risk Training.pdf,Conformal Risk Training,Christopher Yeh; Nicolas Christianson; Adam Wierman; Yisong Yue,2025,NeurIPS 2025,end-to-end conformal risk training,yeh2025training,existing,https://arxiv.org/abs/2510.08748,local_pdf_text,30,18537,5,3,"Conformal risk training, OCE/CVaR, differentiable conformal risk.","Conformal risk can be optimized end-to-end, including OCE-style risks.",Method and experiments.,Future direction for replacing diagnostic tail risk with optimized conformal risk.,Use risk-training diagram as future-work context only.,Current CRPTO is post-hoc; implementing CRT would change method.,Future-work contrast.,Candidate composite decision-risk training lane.,CRPTO future work; agenda extendida CRPTO/tesis future gates.,park_future_work,none_now,No run: literature integration only.,docs/research/papers_tesis_deep_audit_2026-06-06.md,Do not reopen a lane unless it changes a manuscript claim.,,,conformal;risk_control;end_to_end
supplement,Yeh et al 2026 - End-to-End Conformal Calibration for Optimization Under Uncertainty.pdf,supplement/Yeh et al 2026 - End-to-End Conformal Calibration for Optimization Under Uncertainty.pdf,End-to-End Conformal Calibration for Optimization Under Uncertainty,Christopher Yeh; Nicolas Christianson; Alan Wu; Adam Wierman; Yisong Yue,2025,TMLR; arXiv v2 in 2026,end-to-end conformal calibration for optimization,yeh2026,existing,https://arxiv.org/abs/2409.20534,local_pdf_text,29,16242,10,4,"End-to-end conformal calibration, downstream optimization, learned uncertainty sets.",Calibration can be optimized for decision usefulness while retaining validity.,Method and experiments.,Confirms future direction but not current post-hoc CRPTO.,Use related-work contrast table only.,Different training stack and not credit-specific.,Future-work frontier.,Lane 3/end-to-end context.,CRPTO future work; agenda extendida CRPTO/tesis future gates.,park_future_work,none_now,No run: literature integration only.,docs/research/papers_tesis_deep_audit_2026-06-06.md,Do not reopen a lane unless it changes a manuscript claim.,,,conformal;end_to_end
supplement,Zhou Orfanoudaki Zhu 2025 - Conformalized Decision Risk Assessment.pdf,supplement/Zhou Orfanoudaki Zhu 2025 - Conformalized Decision Risk Assessment.pdf,Conformalized Decision Risk Assessment,Wenbin Zhou; Agni Orfanoudaki; Shixiang Zhu,2026,ICLR 2026 / arXiv 2025,decision risk certificates,zhou2025credo,added_2026_06_06,https://arxiv.org/abs/2505.13243,web_primary_and_local_pdf,41,18592,9,10,"CREDO, decision risk certificates, inverse optimization, conformalized risk estimation.",A candidate decision can receive a distribution-free upper bound on probability of suboptimality.,Conformal + inverse optimization framework.,Very relevant for agenda extendida CRPTO/tesis auditability; not part of current CRPTO champion.,Use risk-certificate diagram as agenda extendida CRPTO/tesis future audit inspiration.,Different problem geometry; no Lending Club implementation.,Future auditability contrast.,Strong future lane for decision certificate rather than policy promotion.,agenda extendida CRPTO/tesis future gate register.,park_future_work,completed_bib_quarto_patch,No run: literature integration only.,docs/research/papers_tesis_deep_audit_2026-06-06.md,Do not reopen a lane unless it changes a manuscript claim.,,,conformal;decision;auditability
supplement,Zhou Zhu 2025 - Calibrating Decision Robustness via Inverse Conformal Risk Control.pdf,supplement/Zhou Zhu 2025 - Calibrating Decision Robustness via Inverse Conformal Risk Control.pdf,Calibrating Decision Robustness via Inverse Conformal Risk Control,Yang Zhou; Ruohan Zhu,2026,arXiv preprint,inverse conformal risk control,zhou2026creme,existing,https://arxiv.org/abs/2510.07750,local_pdf_text,20,12634,11,2,"Inverse CRC, decision robustness, robustness calibration.",Decision robustness can be calibrated through inverse conformal risk-control ideas.,Theory/method preprint.,Relevant future lane for robustness calibration.,Use only as future-work contrast.,Not implemented and not credit-specific.,Future-work context.,Decision robustness gate candidate.,agenda extendida CRPTO/tesis future gates.,park_future_work,none_now,No run: literature integration only.,docs/research/papers_tesis_deep_audit_2026-06-06.md,Do not reopen a lane unless it changes a manuscript claim.,,,conformal;robustness
tesis,Babaei Bamdad 2020 - Multi-Objective Investment Recommendation in P2P Lending.pdf,tesis/Babaei Bamdad 2020 - Multi-Objective Investment Recommendation in P2P Lending.pdf,A multi-objective instance-based decision support system for investment recommendation in peer-to-peer lending,Gholamreza Babaei; Shahrooz Bamdad,2020,Journal article,P2P investment recommendation,babaei2020p2p,needs_bib_if_cited,,local_pdf_text,11,11155,5,5,"P2P lending, multi-objective recommendation, risk-return tradeoff, NPV.",Decision-support systems can optimize investment recommendations over risk and return.,Applied recommendation/optimization experiment.,Useful thesis context for digital lending optimization.,Use risk-return recommendation setup as background only.,No conformal guarantees.,Credit-domain context.,Digital-lending optimization context.,Thesis/agenda extendida CRPTO/tesis context.,context_credit_domain,none_now,No run: literature integration only.,docs/research/papers_tesis_deep_audit_2026-06-06.md,Do not reopen a lane unless it changes a manuscript claim.,,,credit;p2p;optimization
tesis,Basel Committee 2015 - Guidance on Credit Risk and Expected Credit Losses.pdf,tesis/Basel Committee 2015 - Guidance on Credit Risk and Expected Credit Losses.pdf,Guidance on credit risk and accounting for expected credit losses,Basel Committee on Banking Supervision,2015,official supervisory guidance,ECL / IFRS9 governance,basel2015ecl,added_2026_06_06,https://www.bis.org/bcbs/publ/d350.htm,local_pdf_text,36,19933,0,0,"Expected credit losses, credit risk governance, forward-looking information, controls.","ECL estimation needs governance, data quality, forward-looking information and controls.",Supervisory guidance.,Supports IFRS9-inspired boundary and why contractual IFRS9 is not claimed.,Use guidance checklist for agenda extendida CRPTO/tesis IFRS9 proxy appendix.,Open Lending Club data lacks contractual monthly DPD/EAD/recovery infrastructure.,Not for CRPTO body.,Strong IFRS9/SICR proxy boundary source.,agenda extendida CRPTO/tesis IFRS9 appendix; thesis.,append_extended_ifrs9,none_now,No run: literature integration only.,docs/research/papers_tesis_deep_audit_2026-06-06.md,Do not reopen a lane unless it changes a manuscript claim.,,,ifrs9;governance
tesis,Ben-Tal El Ghaoui Nemirovski 2009 - Robust Optimization.pdf,tesis/Ben-Tal El Ghaoui Nemirovski 2009 - Robust Optimization.pdf,Robust Optimization,Aharon Ben-Tal; Laurent El Ghaoui; Arkadi Nemirovski,2009,Princeton University Press book,robust optimization foundations,bental2009robust,needs_bib_if_cited,https://press.princeton.edu/books/hardcover/9780691143682/robust-optimization,local_pdf_text,570,232048,42,32,"Uncertainty sets, robust counterparts, tractability, convex robust optimization.",Robust optimization provides a systematic language for feasible decisions under uncertainty.,Foundational monograph.,Use as deep thesis foundation; CRPTO body can rely on shorter RO citations.,"Use formulations/definitions, not figures.",Very broad; not conformal or credit-specific.,"Theoretical background for thesis, optional paper appendix.",Context only.,Thesis robust optimization chapter.,thesis_foundation,none_now,No run: literature integration only.,docs/research/papers_tesis_deep_audit_2026-06-06.md,Do not reopen a lane unless it changes a manuscript claim.,,,robust_optimization;book
tesis,Blattner Nelson 2021 - How Costly is Noise Data and Disparities in Consumer Credit.pdf,tesis/Blattner Nelson 2021 - How Costly is Noise Data and Disparities in Consumer Credit.pdf,How Costly is Noise? Data and Disparities in Consumer Credit,Laura Blattner; Scott Nelson,2021,working paper / credit economics,credit data noise / disparities,blattner2021noise,needs_bib_if_cited,,local_pdf_text,86,32376,5,17,"Data noise, credit scores, disparities, unequal information quality.",Noisy credit data can create unequal access and distort credit allocations.,Empirical/economic analysis.,Important governance caveat: model performance can be constrained by source data quality.,Use disparity/noise tables as governance appendix inspiration.,Not Lending Club CRPTO evidence.,Threat-to-validity/context.,Strong metric/data governance context.,agenda extendida CRPTO/tesis governance appendix; thesis.,append_extended_governance,none_now,No run: literature integration only.,docs/research/papers_tesis_deep_audit_2026-06-06.md,Do not reopen a lane unless it changes a manuscript claim.,,,credit;data_quality;equity
tesis,Brevoort Grimm Kambara 2016 - Credit Invisibles and the Unscored.pdf,tesis/Brevoort Grimm Kambara 2016 - Credit Invisibles and the Unscored.pdf,Credit Invisibles and the Unscored,Kenneth P. Brevoort; Philipp Grimm; Michelle Kambara,2016,Cityscape / CFPB research,credit invisibles / unscored consumers,brevoort2016creditinvisibles,needs_bib_if_cited,,local_pdf_text,44,10194,7,6,"Credit invisibles, unscored consumers, data availability, inclusion.",Large consumer segments lack conventional scores or have weak scoring coverage.,Consumer credit data analysis.,Supports why open accepted-loan data cannot make broad credit-access claims.,Use population breakdowns as motivation only.,Not a CRPTO method source.,Credit-market context and scope limitation.,Fairness/source governance context.,Thesis/agenda extendida CRPTO/tesis governance.,context_governance,none_now,No run: literature integration only.,docs/research/papers_tesis_deep_audit_2026-06-06.md,Do not reopen a lane unless it changes a manuscript claim.,,,credit;inclusion;governance
tesis,Cresswell et al 2024 - Conformal Prediction Sets Improve Human Decision Making.pdf,tesis/Cresswell et al 2024 - Conformal Prediction Sets Improve Human Decision Making.pdf,Conformal Prediction Sets Improve Human Decision Making,Jesse Cresswell and coauthors,2024,preprint / empirical decision support,human decision support with CP,cresswell2024,needs_bib_if_cited,,local_pdf_text,19,11537,12,7,"Human-AI decision making, prediction sets, uncertainty communication.",Conformal sets can improve human decisions when uncertainty is communicated well.,Human-subjects/decision experiment.,Useful for discussing auditability and committee-facing uncertainty.,Use decision-support figures as inspiration for MRM/committee communication.,Not credit portfolio optimization.,Motivation for uncertainty-as-decision input.,Governance/human decision appendix context.,agenda extendida CRPTO/tesis governance; thesis discussion.,context_decision_support,none_now,No run: literature integration only.,docs/research/papers_tesis_deep_audit_2026-06-06.md,Do not reopen a lane unless it changes a manuscript claim.,,,conformal;human_decision;governance
tesis,Einbinder et al 2024 - Label Noise Robustness of Conformal Prediction.pdf,tesis/Einbinder et al 2024 - Label Noise Robustness of Conformal Prediction.pdf,Label Noise Robustness of Conformal Prediction,Bat-Sheva Einbinder; Shai Feldman; Stephen Bates; Anastasios N. Angelopoulos; Asaf Gendler; Yaniv Romano,2024,Journal of Machine Learning Research,label noise / conformal robustness,einbinder2024labelnoise,existing,https://jmlr.org/papers/v25/23-1549.html,local_pdf_text,66,24071,29,2,"Label noise, conformal robustness, noisy outcomes, validity under imperfect labels.",Conformal prediction has robustness properties under forms of label noise.,Theory and experiments.,Useful threat-to-validity note for default labels and hardened shift tests.,Use noise taxonomy for appendix caveat.,Does not validate all Lending Club label issues.,Threat-to-validity support.,Data/label governance appendix.,CRPTO limitations; agenda extendida CRPTO/tesis governance.,append_claim_boundary,none_now,No run: literature integration only.,docs/research/papers_tesis_deep_audit_2026-06-06.md,Do not reopen a lane unless it changes a manuscript claim.,,,conformal;label_noise
tesis,Fuster et al 2022 - Predictably Unequal Effects of Machine Learning on Credit Markets.pdf,tesis/Fuster et al 2022 - Predictably Unequal Effects of Machine Learning on Credit Markets.pdf,Predictably Unequal? The Effects of Machine Learning on Credit Markets,Andreas Fuster; Paul Goldsmith-Pinkham; Tarun Ramadorai; Ansgar Walther,2022,Journal of Finance,ML credit markets / equity,fuster2022predictably,added_2026_06_06,https://doi.org/10.1111/jofi.13090,web_primary_and_local_pdf,92,32099,7,0,"ML credit screening, distributional impacts, mortgage markets, disparities.",More flexible ML can change rate disparities and who benefits from credit-market technology.,Theory and empirical mortgage-market analysis.,Critical fairness/equity context: better predictive technology does not automatically imply equitable outcomes.,Use disparity mechanism figures/tables in governance discussion.,"Mortgage market, not Lending Club; no protected attributes in current project.","Motivation/caveat, not method evidence.",Strong governance/fairness boundary source.,agenda extendida CRPTO/tesis governance appendix; CRPTO ethics/motivation if space permits.,append_extended_governance,completed_bib_quarto_patch,No run: literature integration only.,docs/research/papers_tesis_deep_audit_2026-06-06.md,Do not reopen a lane unless it changes a manuscript claim.,,,credit;equity;ml
tesis,Kato 2024 - Conformal Predictive Portfolio Selection.pdf,tesis/Kato 2024 - Conformal Predictive Portfolio Selection.pdf,Conformal Predictive Portfolio Selection,Masahiro Kato,2025,arXiv preprint,conformal portfolio selection,kato2025,existing,https://arxiv.org/abs/2410.16333,local_pdf_text,14,4913,3,2,"Portfolio selection, conformal predictive sets, financial decisions.",Conformal prediction can support portfolio selection under uncertainty.,Finance/portfolio method preprint.,Relevant neighbor in finance; CRPTO differs by credit PD/funded-set risk.,Use as finance-related-work table.,Not credit lending and not Lending Club.,Related work context.,Finance portfolio context.,CRPTO related work if finance CP paragraph expands.,context_finance_cp,none_now,No run: literature integration only.,docs/research/papers_tesis_deep_audit_2026-06-06.md,Do not reopen a lane unless it changes a manuscript claim.,,,conformal;portfolio
tesis,Kawasumi Kato Duan 2026 - Conformal Prediction for Ordinal Credit Scoring.pdf,tesis/Kawasumi Kato Duan 2026 - Conformal Prediction for Ordinal Credit Scoring.pdf,Conformal Prediction for Ordinal Credit Scoring,Ryotaro Kawasumi; Masahiro Kato; Yaqing Duan,2026,arXiv preprint,ordinal credit scoring / conformal prediction,kawasumi2026ordinal,needs_bib_if_cited,,local_pdf_text,8,2835,0,0,"Ordinal credit scoring, conformal prediction, rating categories.",Conformal methods can be adapted to ordinal credit-score outputs.,Short method preprint.,"Useful for future grade/rating-set extension, not current PD interval CRPTO.",Use only as future-work note.,No portfolio optimization and very short current evidence.,Future credit conformal context.,Ordinal score/rating future lane.,Thesis future work.,park_future_work,none_now,No run: literature integration only.,docs/research/papers_tesis_deep_audit_2026-06-06.md,Do not reopen a lane unless it changes a manuscript claim.,,,conformal;credit;ordinal
tesis,Khandani Kim Lo 2010 - Consumer Credit-Risk Models via Machine-Learning Algorithms.pdf,tesis/Khandani Kim Lo 2010 - Consumer Credit-Risk Models via Machine-Learning Algorithms.pdf,Consumer Credit-Risk Models via Machine-Learning Algorithms,Amir E. Khandani; Adlar J. Kim; Andrew W. Lo,2010,Journal of Banking & Finance,consumer credit ML,khandani2010consumer,added_2026_06_06,https://doi.org/10.1016/j.jbankfin.2010.06.001,web_primary_and_local_pdf,49,14412,21,9,"Consumer credit risk, nonlinear ML, transaction data, economic value of risk forecasts.",ML forecasts can materially improve consumer credit-risk management and economic decisions.,Empirical credit-card portfolio study.,"Classic support for economic evaluation of credit ML, not just classification metrics.",Use economic-benefit tables as background for decision-value framing.,"Credit cards/bank data, not LC/CRPTO.",Historical credit-ML decision-value context.,Metric/economic governance context.,CRPTO motivation or thesis background.,context_credit_domain,completed_bib_quarto_patch,No run: literature integration only.,docs/research/papers_tesis_deep_audit_2026-06-06.md,Do not reopen a lane unless it changes a manuscript claim.,,,credit;ml;economic_value
tesis,Noguer i Alonso 2024 - Conformal Portfolio Optimization.pdf,tesis/Noguer i Alonso 2024 - Conformal Portfolio Optimization.pdf,Conformal Portfolio Optimization,Miquel Noguer i Alonso,2024,SSRN preprint,conformal portfolio optimization,noguer2024portfolio,existing,https://papers.ssrn.com/sol3/papers.cfm?abstract_id=5011129,local_pdf_text,6,1812,0,0,"Conformal prediction, portfolio optimization, finance uncertainty.",Conformal intervals can support portfolio decisions in financial assets.,Short finance preprint.,"Finance-adjacent context, but CRPTO's credit/funded-set bound is different.",Use only as related-work mention.,"Short, non-credit, not a robust credit allocation benchmark.",Related work context.,Finance portfolio context.,Related work if finance CP paragraph expands.,context_finance_cp,none_now,No run: literature integration only.,docs/research/papers_tesis_deep_audit_2026-06-06.md,Do not reopen a lane unless it changes a manuscript claim.,,,conformal;portfolio
