cohort,feature,rows,present_rows,coverage,first_seen
censored_extension,acc_now_delinq,88227,88227,1.0,2017-07-01
conformal_fit,acc_now_delinq,49007,49007,1.0,2012-01-01
maturity_gap,acc_now_delinq,541863,541863,1.0,2014-01-01
pd_development,acc_now_delinq,17433,17404,0.9983364882693742,2007-06-01
policy_development,acc_now_delinq,94885,94885,1.0,2013-02-01
post_extension,acc_now_delinq,877671,877671,1.0,2017-10-01
primary_oot,acc_now_delinq,376890,376890,1.0,2016-04-01
probability_calibration,acc_now_delinq,14101,14101,1.0,2011-01-01
censored_extension,acc_open_past_24mths,88227,88227,1.0,2017-07-01
conformal_fit,acc_open_past_24mths,49007,42982,0.8770583794151856,2012-03-01
maturity_gap,acc_open_past_24mths,541863,541863,1.0,2014-01-01
pd_development,acc_open_past_24mths,17433,0,0.0,
policy_development,acc_open_past_24mths,94885,94885,1.0,2013-02-01
post_extension,acc_open_past_24mths,877671,877671,1.0,2017-10-01
primary_oot,acc_open_past_24mths,376890,376890,1.0,2016-04-01
probability_calibration,acc_open_past_24mths,14101,0,0.0,
censored_extension,addr_state,88227,88227,1.0,2017-07-01
conformal_fit,addr_state,49007,49007,1.0,2012-01-01
maturity_gap,addr_state,541863,541863,1.0,2014-01-01
pd_development,addr_state,17433,17433,1.0,2007-06-01
policy_development,addr_state,94885,94885,1.0,2013-02-01
post_extension,addr_state,877671,877671,1.0,2017-10-01
primary_oot,addr_state,376890,376890,1.0,2016-04-01
probability_calibration,addr_state,14101,14101,1.0,2011-01-01
censored_extension,all_util,88227,88214,0.9998526528160314,2017-07-01
conformal_fit,all_util,49007,0,0.0,
maturity_gap,all_util,541863,111006,0.20485990001162654,2015-12-01
pd_development,all_util,17433,0,0.0,
policy_development,all_util,94885,0,0.0,
post_extension,all_util,877671,877456,0.9997550334920489,2017-10-01
primary_oot,all_util,376890,376867,0.9999389742365147,2016-04-01
probability_calibration,all_util,14101,0,0.0,
censored_extension,annual_inc,88227,88227,1.0,2017-07-01
conformal_fit,annual_inc,49007,49007,1.0,2012-01-01
maturity_gap,annual_inc,541863,541863,1.0,2014-01-01
pd_development,annual_inc,17433,17429,0.9997705501061206,2007-06-01
policy_development,annual_inc,94885,94885,1.0,2013-02-01
post_extension,annual_inc,877671,877671,1.0,2017-10-01
primary_oot,annual_inc,376890,376890,1.0,2016-04-01
probability_calibration,annual_inc,14101,14101,1.0,2011-01-01
censored_extension,annual_inc_joint,88227,7699,0.08726353610572728,2017-07-01
conformal_fit,annual_inc_joint,49007,0,0.0,
maturity_gap,annual_inc_joint,541863,1767,0.0032609718692732294,2015-10-01
pd_development,annual_inc_joint,17433,0,0.0,
policy_development,annual_inc_joint,94885,0,0.0,
post_extension,annual_inc_joint,877671,99855,0.1137727007044781,2017-10-01
primary_oot,annual_inc_joint,376890,10047,0.02665764546684709,2016-04-01
probability_calibration,annual_inc_joint,14101,0,0.0,
censored_extension,application_type,88227,88227,1.0,2017-07-01
conformal_fit,application_type,49007,49007,1.0,2012-01-01
maturity_gap,application_type,541863,541863,1.0,2014-01-01
pd_development,application_type,17433,17433,1.0,2007-06-01
policy_development,application_type,94885,94885,1.0,2013-02-01
post_extension,application_type,877671,877671,1.0,2017-10-01
primary_oot,application_type,376890,376890,1.0,2016-04-01
probability_calibration,application_type,14101,14101,1.0,2011-01-01
censored_extension,avg_cur_bal,88227,88223,0.9999546624049327,2017-07-01
conformal_fit,avg_cur_bal,49007,26456,0.5398412471687718,2012-08-01
maturity_gap,avg_cur_bal,541863,541858,0.9999907725753557,2014-01-01
pd_development,avg_cur_bal,17433,0,0.0,
policy_development,avg_cur_bal,94885,94882,0.9999683827791537,2013-02-01
post_extension,avg_cur_bal,877671,877595,0.999913407187887,2017-10-01
primary_oot,avg_cur_bal,376890,376888,0.9999946934118709,2016-04-01
probability_calibration,avg_cur_bal,14101,0,0.0,
censored_extension,bc_open_to_buy,88227,86879,0.9847212304623302,2017-07-01
conformal_fit,bc_open_to_buy,49007,42516,0.8675495337400779,2012-03-01
maturity_gap,bc_open_to_buy,541863,536415,0.9899457981076397,2014-01-01
pd_development,bc_open_to_buy,17433,0,0.0,
policy_development,bc_open_to_buy,94885,94127,0.9920113821995047,2013-02-01
post_extension,bc_open_to_buy,877671,865887,0.986573556606063,2017-10-01
primary_oot,bc_open_to_buy,376890,372290,0.9877948473029265,2016-04-01
probability_calibration,bc_open_to_buy,14101,0,0.0,
censored_extension,bc_util,88227,86833,0.9841998481190565,2017-07-01
conformal_fit,bc_util,49007,42493,0.8670802130307915,2012-03-01
maturity_gap,bc_util,541863,536036,0.9892463593196066,2014-01-01
pd_development,bc_util,17433,0,0.0,
policy_development,bc_util,94885,94087,0.9915898192548875,2013-02-01
post_extension,bc_util,877671,865450,0.9860756479364136,2017-10-01
primary_oot,bc_util,376890,372121,0.9873464406060124,2016-04-01
probability_calibration,bc_util,14101,0,0.0,
censored_extension,chargeoff_within_12_mths,88227,88227,1.0,2017-07-01
conformal_fit,chargeoff_within_12_mths,49007,49007,1.0,2012-01-01
maturity_gap,chargeoff_within_12_mths,541863,541863,1.0,2014-01-01
pd_development,chargeoff_within_12_mths,17433,17288,0.9916824413468709,2007-08-01
policy_development,chargeoff_within_12_mths,94885,94885,1.0,2013-02-01
post_extension,chargeoff_within_12_mths,877671,877671,1.0,2017-10-01
primary_oot,chargeoff_within_12_mths,376890,376890,1.0,2016-04-01
probability_calibration,chargeoff_within_12_mths,14101,14101,1.0,2011-01-01
censored_extension,collection_recovery_fee,88227,88227,1.0,2017-07-01
conformal_fit,collection_recovery_fee,49007,49007,1.0,2012-01-01
maturity_gap,collection_recovery_fee,541863,541863,1.0,2014-01-01
pd_development,collection_recovery_fee,17433,17433,1.0,2007-06-01
policy_development,collection_recovery_fee,94885,94885,1.0,2013-02-01
post_extension,collection_recovery_fee,877671,877671,1.0,2017-10-01
primary_oot,collection_recovery_fee,376890,376890,1.0,2016-04-01
probability_calibration,collection_recovery_fee,14101,14101,1.0,2011-01-01
censored_extension,collections_12_mths_ex_med,88227,88227,1.0,2017-07-01
conformal_fit,collections_12_mths_ex_med,49007,49007,1.0,2012-01-01
maturity_gap,collections_12_mths_ex_med,541863,541863,1.0,2014-01-01
pd_development,collections_12_mths_ex_med,17433,17288,0.9916824413468709,2007-08-01
policy_development,collections_12_mths_ex_med,94885,94885,1.0,2013-02-01
post_extension,collections_12_mths_ex_med,877671,877671,1.0,2017-10-01
primary_oot,collections_12_mths_ex_med,376890,376890,1.0,2016-04-01
probability_calibration,collections_12_mths_ex_med,14101,14101,1.0,2011-01-01
censored_extension,debt_settlement_flag,88227,88227,1.0,2017-07-01
conformal_fit,debt_settlement_flag,49007,49007,1.0,2012-01-01
maturity_gap,debt_settlement_flag,541863,541863,1.0,2014-01-01
pd_development,debt_settlement_flag,17433,17433,1.0,2007-06-01
policy_development,debt_settlement_flag,94885,94885,1.0,2013-02-01
post_extension,debt_settlement_flag,877671,877671,1.0,2017-10-01
primary_oot,debt_settlement_flag,376890,376890,1.0,2016-04-01
probability_calibration,debt_settlement_flag,14101,14101,1.0,2011-01-01
censored_extension,deferral_term,88227,3579,0.04056581318643952,2017-07-01
conformal_fit,deferral_term,49007,0,0.0,
maturity_gap,deferral_term,541863,2205,0.0040692942681083595,2014-08-01
pd_development,deferral_term,17433,0,0.0,
policy_development,deferral_term,94885,0,0.0,
post_extension,deferral_term,877671,74396,0.08476524802574086,2017-10-01
primary_oot,deferral_term,376890,5254,0.013940407015309507,2016-04-01
probability_calibration,deferral_term,14101,0,0.0,
censored_extension,delinq_2yrs,88227,88227,1.0,2017-07-01
conformal_fit,delinq_2yrs,49007,49007,1.0,2012-01-01
maturity_gap,delinq_2yrs,541863,541863,1.0,2014-01-01
pd_development,delinq_2yrs,17433,17404,0.9983364882693742,2007-06-01
policy_development,delinq_2yrs,94885,94885,1.0,2013-02-01
post_extension,delinq_2yrs,877671,877671,1.0,2017-10-01
primary_oot,delinq_2yrs,376890,376890,1.0,2016-04-01
probability_calibration,delinq_2yrs,14101,14101,1.0,2011-01-01
censored_extension,delinq_amnt,88227,88227,1.0,2017-07-01
conformal_fit,delinq_amnt,49007,49007,1.0,2012-01-01
maturity_gap,delinq_amnt,541863,541863,1.0,2014-01-01
pd_development,delinq_amnt,17433,17404,0.9983364882693742,2007-06-01
policy_development,delinq_amnt,94885,94885,1.0,2013-02-01
post_extension,delinq_amnt,877671,877671,1.0,2017-10-01
primary_oot,delinq_amnt,376890,376890,1.0,2016-04-01
probability_calibration,delinq_amnt,14101,14101,1.0,2011-01-01
censored_extension,dti,88227,88120,0.9987872193319506,2017-07-01
conformal_fit,dti,49007,49007,1.0,2012-01-01
maturity_gap,dti,541863,541851,0.9999778541808538,2014-01-01
pd_development,dti,17433,17433,1.0,2007-06-01
policy_development,dti,94885,94885,1.0,2013-02-01
post_extension,dti,877671,876133,0.9982476349338192,2017-10-01
primary_oot,dti,376890,376793,0.9997426304757356,2016-04-01
probability_calibration,dti,14101,14101,1.0,2011-01-01
censored_extension,dti_joint,88227,7699,0.08726353610572728,2017-07-01
conformal_fit,dti_joint,49007,0,0.0,
maturity_gap,dti_joint,541863,1764,0.0032554354144866877,2015-10-01
pd_development,dti_joint,17433,0,0.0,
policy_development,dti_joint,94885,0,0.0,
post_extension,dti_joint,877671,99855,0.1137727007044781,2017-10-01
primary_oot,dti_joint,376890,10047,0.02665764546684709,2016-04-01
probability_calibration,dti_joint,14101,0,0.0,
censored_extension,earliest_cr_line,88227,88227,1.0,2017-07-01
conformal_fit,earliest_cr_line,49007,49007,1.0,2012-01-01
maturity_gap,earliest_cr_line,541863,541863,1.0,2014-01-01
pd_development,earliest_cr_line,17433,17404,0.9983364882693742,2007-06-01
policy_development,earliest_cr_line,94885,94885,1.0,2013-02-01
post_extension,earliest_cr_line,877671,877671,1.0,2017-10-01
primary_oot,earliest_cr_line,376890,376890,1.0,2016-04-01
probability_calibration,earliest_cr_line,14101,14101,1.0,2011-01-01
censored_extension,emp_length,88227,81429,0.9229487571831753,2017-07-01
conformal_fit,emp_length,49007,47086,0.9608015181504683,2012-01-01
maturity_gap,emp_length,541863,505899,0.9336289800189347,2014-01-01
pd_development,emp_length,17433,17153,0.9839385074284404,2007-06-01
policy_development,emp_length,94885,90082,0.9493808294250935,2013-02-01
post_extension,emp_length,877671,796883,0.9079518407239159,2017-10-01
primary_oot,emp_length,376890,349580,0.927538539096288,2016-04-01
probability_calibration,emp_length,14101,13546,0.9606410892844479,2011-01-01
censored_extension,emp_title,88227,81322,0.9217359765151257,2017-07-01
conformal_fit,emp_title,49007,45884,0.936274409778195,2012-01-01
maturity_gap,emp_title,541863,504837,0.9316690750244988,2014-01-01
pd_development,emp_title,17433,16382,0.9397120403831813,2007-06-01
policy_development,emp_title,94885,88121,0.9287137060652368,2013-02-01
post_extension,emp_title,877671,758744,0.8644970609715942,2017-10-01
primary_oot,emp_title,376890,349254,0.9266735652312346,2016-04-01
probability_calibration,emp_title,14101,13080,0.927593787674633,2011-01-01
censored_extension,fico_range_high,88227,88227,1.0,2017-07-01
conformal_fit,fico_range_high,49007,49007,1.0,2012-01-01
maturity_gap,fico_range_high,541863,541863,1.0,2014-01-01
pd_development,fico_range_high,17433,17433,1.0,2007-06-01
policy_development,fico_range_high,94885,94885,1.0,2013-02-01
post_extension,fico_range_high,877671,877671,1.0,2017-10-01
primary_oot,fico_range_high,376890,376890,1.0,2016-04-01
probability_calibration,fico_range_high,14101,14101,1.0,2011-01-01
censored_extension,fico_range_low,88227,88227,1.0,2017-07-01
conformal_fit,fico_range_low,49007,49007,1.0,2012-01-01
maturity_gap,fico_range_low,541863,541863,1.0,2014-01-01
pd_development,fico_range_low,17433,17433,1.0,2007-06-01
policy_development,fico_range_low,94885,94885,1.0,2013-02-01
post_extension,fico_range_low,877671,877671,1.0,2017-10-01
primary_oot,fico_range_low,376890,376890,1.0,2016-04-01
probability_calibration,fico_range_low,14101,14101,1.0,2011-01-01
censored_extension,funded_amnt,88227,88227,1.0,2017-07-01
conformal_fit,funded_amnt,49007,49007,1.0,2012-01-01
maturity_gap,funded_amnt,541863,541863,1.0,2014-01-01
pd_development,funded_amnt,17433,17433,1.0,2007-06-01
policy_development,funded_amnt,94885,94885,1.0,2013-02-01
post_extension,funded_amnt,877671,877671,1.0,2017-10-01
primary_oot,funded_amnt,376890,376890,1.0,2016-04-01
probability_calibration,funded_amnt,14101,14101,1.0,2011-01-01
censored_extension,funded_amnt_inv,88227,88227,1.0,2017-07-01
conformal_fit,funded_amnt_inv,49007,49007,1.0,2012-01-01
maturity_gap,funded_amnt_inv,541863,541863,1.0,2014-01-01
pd_development,funded_amnt_inv,17433,17433,1.0,2007-06-01
policy_development,funded_amnt_inv,94885,94885,1.0,2013-02-01
post_extension,funded_amnt_inv,877671,877671,1.0,2017-10-01
primary_oot,funded_amnt_inv,376890,376890,1.0,2016-04-01
probability_calibration,funded_amnt_inv,14101,14101,1.0,2011-01-01
censored_extension,grade,88227,88227,1.0,2017-07-01
conformal_fit,grade,49007,49007,1.0,2012-01-01
maturity_gap,grade,541863,541863,1.0,2014-01-01
pd_development,grade,17433,17433,1.0,2007-06-01
policy_development,grade,94885,94885,1.0,2013-02-01
post_extension,grade,877671,877671,1.0,2017-10-01
primary_oot,grade,376890,376890,1.0,2016-04-01
probability_calibration,grade,14101,14101,1.0,2011-01-01
censored_extension,hardship_amount,88227,5228,0.059256236752921444,2017-07-01
conformal_fit,hardship_amount,49007,0,0.0,
maturity_gap,hardship_amount,541863,2205,0.0040692942681083595,2014-08-01
pd_development,hardship_amount,17433,0,0.0,
policy_development,hardship_amount,94885,0,0.0,
post_extension,hardship_amount,877671,95172,0.10843698834756987,2017-10-01
primary_oot,hardship_amount,376890,7010,0.018599591392714054,2016-04-01
probability_calibration,hardship_amount,14101,0,0.0,
censored_extension,hardship_dpd,88227,3579,0.04056581318643952,2017-07-01
conformal_fit,hardship_dpd,49007,0,0.0,
maturity_gap,hardship_dpd,541863,2205,0.0040692942681083595,2014-08-01
pd_development,hardship_dpd,17433,0,0.0,
policy_development,hardship_dpd,94885,0,0.0,
post_extension,hardship_dpd,877671,74396,0.08476524802574086,2017-10-01
primary_oot,hardship_dpd,376890,5254,0.013940407015309507,2016-04-01
probability_calibration,hardship_dpd,14101,0,0.0,
censored_extension,hardship_end_date,88227,3579,0.04056581318643952,2017-07-01
conformal_fit,hardship_end_date,49007,0,0.0,
maturity_gap,hardship_end_date,541863,2205,0.0040692942681083595,2014-08-01
pd_development,hardship_end_date,17433,0,0.0,
policy_development,hardship_end_date,94885,0,0.0,
post_extension,hardship_end_date,877671,74396,0.08476524802574086,2017-10-01
primary_oot,hardship_end_date,376890,5254,0.013940407015309507,2016-04-01
probability_calibration,hardship_end_date,14101,0,0.0,
censored_extension,hardship_flag,88227,86578,0.9813095764335181,2017-07-01
conformal_fit,hardship_flag,49007,49007,1.0,2012-01-01
maturity_gap,hardship_flag,541863,541863,1.0,2014-01-01
pd_development,hardship_flag,17433,17433,1.0,2007-06-01
policy_development,hardship_flag,94885,94885,1.0,2013-02-01
post_extension,hardship_flag,877671,856898,0.9763316778154912,2017-10-01
primary_oot,hardship_flag,376890,375134,0.9953408156225955,2016-04-01
probability_calibration,hardship_flag,14101,14101,1.0,2011-01-01
censored_extension,hardship_last_payment_amount,88227,5228,0.059256236752921444,2017-07-01
conformal_fit,hardship_last_payment_amount,49007,0,0.0,
maturity_gap,hardship_last_payment_amount,541863,2205,0.0040692942681083595,2014-08-01
pd_development,hardship_last_payment_amount,17433,0,0.0,
policy_development,hardship_last_payment_amount,94885,0,0.0,
post_extension,hardship_last_payment_amount,877671,95172,0.10843698834756987,2017-10-01
primary_oot,hardship_last_payment_amount,376890,7010,0.018599591392714054,2016-04-01
probability_calibration,hardship_last_payment_amount,14101,0,0.0,
censored_extension,hardship_length,88227,3579,0.04056581318643952,2017-07-01
conformal_fit,hardship_length,49007,0,0.0,
maturity_gap,hardship_length,541863,2205,0.0040692942681083595,2014-08-01
pd_development,hardship_length,17433,0,0.0,
policy_development,hardship_length,94885,0,0.0,
post_extension,hardship_length,877671,74396,0.08476524802574086,2017-10-01
primary_oot,hardship_length,376890,5254,0.013940407015309507,2016-04-01
probability_calibration,hardship_length,14101,0,0.0,
censored_extension,hardship_loan_status,88227,3570,0.04046380359753817,2017-07-01
conformal_fit,hardship_loan_status,49007,0,0.0,
maturity_gap,hardship_loan_status,541863,2205,0.0040692942681083595,2014-08-01
pd_development,hardship_loan_status,17433,0,0.0,
policy_development,hardship_loan_status,94885,0,0.0,
post_extension,hardship_loan_status,877671,74246,0.08459434115972841,2017-10-01
primary_oot,hardship_loan_status,376890,5252,0.013935100427180344,2016-04-01
probability_calibration,hardship_loan_status,14101,0,0.0,
censored_extension,hardship_payoff_balance_amount,88227,5228,0.059256236752921444,2017-07-01
conformal_fit,hardship_payoff_balance_amount,49007,0,0.0,
maturity_gap,hardship_payoff_balance_amount,541863,2205,0.0040692942681083595,2014-08-01
pd_development,hardship_payoff_balance_amount,17433,0,0.0,
policy_development,hardship_payoff_balance_amount,94885,0,0.0,
post_extension,hardship_payoff_balance_amount,877671,95172,0.10843698834756987,2017-10-01
primary_oot,hardship_payoff_balance_amount,376890,7010,0.018599591392714054,2016-04-01
probability_calibration,hardship_payoff_balance_amount,14101,0,0.0,
censored_extension,hardship_reason,88227,3579,0.04056581318643952,2017-07-01
conformal_fit,hardship_reason,49007,0,0.0,
maturity_gap,hardship_reason,541863,2205,0.0040692942681083595,2014-08-01
pd_development,hardship_reason,17433,0,0.0,
policy_development,hardship_reason,94885,0,0.0,
post_extension,hardship_reason,877671,74391,0.08475955113020711,2017-10-01
primary_oot,hardship_reason,376890,5254,0.013940407015309507,2016-04-01
probability_calibration,hardship_reason,14101,0,0.0,
censored_extension,hardship_start_date,88227,3579,0.04056581318643952,2017-07-01
conformal_fit,hardship_start_date,49007,0,0.0,
maturity_gap,hardship_start_date,541863,2205,0.0040692942681083595,2014-08-01
pd_development,hardship_start_date,17433,0,0.0,
policy_development,hardship_start_date,94885,0,0.0,
post_extension,hardship_start_date,877671,74396,0.08476524802574086,2017-10-01
primary_oot,hardship_start_date,376890,5254,0.013940407015309507,2016-04-01
probability_calibration,hardship_start_date,14101,0,0.0,
censored_extension,hardship_status,88227,3578,0.04055447878767271,2017-07-01
conformal_fit,hardship_status,49007,0,0.0,
maturity_gap,hardship_status,541863,2205,0.0040692942681083595,2014-08-01
pd_development,hardship_status,17433,0,0.0,
policy_development,hardship_status,94885,0,0.0,
post_extension,hardship_status,877671,74395,0.0847641086466341,2017-10-01
primary_oot,hardship_status,376890,5254,0.013940407015309507,2016-04-01
probability_calibration,hardship_status,14101,0,0.0,
censored_extension,hardship_type,88227,3579,0.04056581318643952,2017-07-01
conformal_fit,hardship_type,49007,0,0.0,
maturity_gap,hardship_type,541863,2205,0.0040692942681083595,2014-08-01
pd_development,hardship_type,17433,0,0.0,
policy_development,hardship_type,94885,0,0.0,
post_extension,hardship_type,877671,74396,0.08476524802574086,2017-10-01
primary_oot,hardship_type,376890,5254,0.013940407015309507,2016-04-01
probability_calibration,hardship_type,14101,0,0.0,
censored_extension,home_ownership,88227,88227,1.0,2017-07-01
conformal_fit,home_ownership,49007,49007,1.0,2012-01-01
maturity_gap,home_ownership,541863,541863,1.0,2014-01-01
pd_development,home_ownership,17433,17433,1.0,2007-06-01
policy_development,home_ownership,94885,94885,1.0,2013-02-01
post_extension,home_ownership,877671,877671,1.0,2017-10-01
primary_oot,home_ownership,376890,376890,1.0,2016-04-01
probability_calibration,home_ownership,14101,14101,1.0,2011-01-01
censored_extension,il_util,88227,75393,0.8545343262266653,2017-07-01
conformal_fit,il_util,49007,0,0.0,
maturity_gap,il_util,541863,95108,0.17552038061281172,2015-12-01
pd_development,il_util,17433,0,0.0,
policy_development,il_util,94885,0,0.0,
post_extension,il_util,877671,742921,0.8464686653654957,2017-10-01
primary_oot,il_util,376890,324603,0.861267213245244,2016-04-01
probability_calibration,il_util,14101,0,0.0,
censored_extension,initial_list_status,88227,88227,1.0,2017-07-01
conformal_fit,initial_list_status,49007,49007,1.0,2012-01-01
maturity_gap,initial_list_status,541863,541863,1.0,2014-01-01
pd_development,initial_list_status,17433,17433,1.0,2007-06-01
policy_development,initial_list_status,94885,94885,1.0,2013-02-01
post_extension,initial_list_status,877671,877671,1.0,2017-10-01
primary_oot,initial_list_status,376890,376890,1.0,2016-04-01
probability_calibration,initial_list_status,14101,14101,1.0,2011-01-01
censored_extension,inq_fi,88227,88227,1.0,2017-07-01
conformal_fit,inq_fi,49007,0,0.0,
maturity_gap,inq_fi,541863,111012,0.20487097292119963,2015-12-01
pd_development,inq_fi,17433,0,0.0,
policy_development,inq_fi,94885,0,0.0,
post_extension,inq_fi,877671,877671,1.0,2017-10-01
primary_oot,inq_fi,376890,376890,1.0,2016-04-01
probability_calibration,inq_fi,14101,0,0.0,
censored_extension,inq_last_12m,88227,88227,1.0,2017-07-01
conformal_fit,inq_last_12m,49007,0,0.0,
maturity_gap,inq_last_12m,541863,111012,0.20487097292119963,2015-12-01
pd_development,inq_last_12m,17433,0,0.0,
policy_development,inq_last_12m,94885,0,0.0,
post_extension,inq_last_12m,877671,877671,1.0,2017-10-01
primary_oot,inq_last_12m,376890,376890,1.0,2016-04-01
probability_calibration,inq_last_12m,14101,0,0.0,
censored_extension,inq_last_6mths,88227,88227,1.0,2017-07-01
conformal_fit,inq_last_6mths,49007,49007,1.0,2012-01-01
maturity_gap,inq_last_6mths,541863,541863,1.0,2014-01-01
pd_development,inq_last_6mths,17433,17404,0.9983364882693742,2007-06-01
policy_development,inq_last_6mths,94885,94885,1.0,2013-02-01
post_extension,inq_last_6mths,877671,877671,1.0,2017-10-01
primary_oot,inq_last_6mths,376890,376890,1.0,2016-04-01
probability_calibration,inq_last_6mths,14101,14101,1.0,2011-01-01
censored_extension,installment,88227,88227,1.0,2017-07-01
conformal_fit,installment,49007,49007,1.0,2012-01-01
maturity_gap,installment,541863,541863,1.0,2014-01-01
pd_development,installment,17433,17433,1.0,2007-06-01
policy_development,installment,94885,94885,1.0,2013-02-01
post_extension,installment,877671,877671,1.0,2017-10-01
primary_oot,installment,376890,376890,1.0,2016-04-01
probability_calibration,installment,14101,14101,1.0,2011-01-01
censored_extension,int_rate,88227,88227,1.0,2017-07-01
conformal_fit,int_rate,49007,49007,1.0,2012-01-01
maturity_gap,int_rate,541863,541863,1.0,2014-01-01
pd_development,int_rate,17433,17433,1.0,2007-06-01
policy_development,int_rate,94885,94885,1.0,2013-02-01
post_extension,int_rate,877671,877671,1.0,2017-10-01
primary_oot,int_rate,376890,376890,1.0,2016-04-01
probability_calibration,int_rate,14101,14101,1.0,2011-01-01
censored_extension,last_credit_pull_d,88227,88226,0.9999886656012332,2017-07-01
conformal_fit,last_credit_pull_d,49007,49007,1.0,2012-01-01
maturity_gap,last_credit_pull_d,541863,541837,0.99995201739185,2014-01-01
pd_development,last_credit_pull_d,17433,17429,0.9997705501061206,2007-06-01
policy_development,last_credit_pull_d,94885,94877,0.9999156874110766,2013-02-01
post_extension,last_credit_pull_d,877671,877658,0.9999851880716123,2017-10-01
primary_oot,last_credit_pull_d,376890,376879,0.9999708137652896,2016-04-01
probability_calibration,last_credit_pull_d,14101,14101,1.0,2011-01-01
censored_extension,last_fico_range_high,88227,88227,1.0,2017-07-01
conformal_fit,last_fico_range_high,49007,49007,1.0,2012-01-01
maturity_gap,last_fico_range_high,541863,541863,1.0,2014-01-01
pd_development,last_fico_range_high,17433,17433,1.0,2007-06-01
policy_development,last_fico_range_high,94885,94885,1.0,2013-02-01
post_extension,last_fico_range_high,877671,877671,1.0,2017-10-01
primary_oot,last_fico_range_high,376890,376890,1.0,2016-04-01
probability_calibration,last_fico_range_high,14101,14101,1.0,2011-01-01
censored_extension,last_fico_range_low,88227,88227,1.0,2017-07-01
conformal_fit,last_fico_range_low,49007,49007,1.0,2012-01-01
maturity_gap,last_fico_range_low,541863,541863,1.0,2014-01-01
pd_development,last_fico_range_low,17433,17433,1.0,2007-06-01
policy_development,last_fico_range_low,94885,94885,1.0,2013-02-01
post_extension,last_fico_range_low,877671,877671,1.0,2017-10-01
primary_oot,last_fico_range_low,376890,376890,1.0,2016-04-01
probability_calibration,last_fico_range_low,14101,14101,1.0,2011-01-01
censored_extension,last_pymnt_amnt,88227,88227,1.0,2017-07-01
conformal_fit,last_pymnt_amnt,49007,49007,1.0,2012-01-01
maturity_gap,last_pymnt_amnt,541863,541863,1.0,2014-01-01
pd_development,last_pymnt_amnt,17433,17433,1.0,2007-06-01
policy_development,last_pymnt_amnt,94885,94885,1.0,2013-02-01
post_extension,last_pymnt_amnt,877671,877671,1.0,2017-10-01
primary_oot,last_pymnt_amnt,376890,376890,1.0,2016-04-01
probability_calibration,last_pymnt_amnt,14101,14101,1.0,2011-01-01
censored_extension,last_pymnt_d,88227,88087,0.9984131841726456,2017-07-01
conformal_fit,last_pymnt_d,49007,48953,0.9988981165955884,2012-01-01
maturity_gap,last_pymnt_d,541863,541458,0.9992525786038168,2014-01-01
pd_development,last_pymnt_d,17433,17392,0.9976481385877359,2007-06-01
policy_development,last_pymnt_d,94885,94808,0.9991884913316119,2013-02-01
post_extension,last_pymnt_d,877671,875157,0.9971356009256316,2017-10-01
primary_oot,last_pymnt_d,376890,376412,0.9987317254371302,2016-04-01
probability_calibration,last_pymnt_d,14101,14077,0.9982979930501383,2011-01-01
censored_extension,loan_amnt,88227,88227,1.0,2017-07-01
conformal_fit,loan_amnt,49007,49007,1.0,2012-01-01
maturity_gap,loan_amnt,541863,541863,1.0,2014-01-01
pd_development,loan_amnt,17433,17433,1.0,2007-06-01
policy_development,loan_amnt,94885,94885,1.0,2013-02-01
post_extension,loan_amnt,877671,877671,1.0,2017-10-01
primary_oot,loan_amnt,376890,376890,1.0,2016-04-01
probability_calibration,loan_amnt,14101,14101,1.0,2011-01-01
censored_extension,loan_status,88227,88227,1.0,2017-07-01
conformal_fit,loan_status,49007,49007,1.0,2012-01-01
maturity_gap,loan_status,541863,541863,1.0,2014-01-01
pd_development,loan_status,17433,17433,1.0,2007-06-01
policy_development,loan_status,94885,94885,1.0,2013-02-01
post_extension,loan_status,877671,877671,1.0,2017-10-01
primary_oot,loan_status,376890,376890,1.0,2016-04-01
probability_calibration,loan_status,14101,14101,1.0,2011-01-01
censored_extension,max_bal_bc,88227,88227,1.0,2017-07-01
conformal_fit,max_bal_bc,49007,0,0.0,
maturity_gap,max_bal_bc,541863,111012,0.20487097292119963,2015-12-01
pd_development,max_bal_bc,17433,0,0.0,
policy_development,max_bal_bc,94885,0,0.0,
post_extension,max_bal_bc,877671,877671,1.0,2017-10-01
primary_oot,max_bal_bc,376890,376890,1.0,2016-04-01
probability_calibration,max_bal_bc,14101,0,0.0,
censored_extension,mo_sin_old_il_acct,88227,85283,0.9666315300304895,2017-07-01
conformal_fit,mo_sin_old_il_acct,49007,25127,0.5127226722713082,2012-08-01
maturity_gap,mo_sin_old_il_acct,541863,522912,0.9650262151134142,2014-01-01
pd_development,mo_sin_old_il_acct,17433,0,0.0,
policy_development,mo_sin_old_il_acct,94885,90835,0.9573167518575117,2013-02-01
post_extension,mo_sin_old_il_acct,877671,846638,0.9646416481802407,2017-10-01
primary_oot,mo_sin_old_il_acct,376890,365451,0.9696489691952559,2016-04-01
probability_calibration,mo_sin_old_il_acct,14101,0,0.0,
censored_extension,mo_sin_old_rev_tl_op,88227,88227,1.0,2017-07-01
conformal_fit,mo_sin_old_rev_tl_op,49007,26456,0.5398412471687718,2012-08-01
maturity_gap,mo_sin_old_rev_tl_op,541863,541863,1.0,2014-01-01
pd_development,mo_sin_old_rev_tl_op,17433,0,0.0,
policy_development,mo_sin_old_rev_tl_op,94885,94885,1.0,2013-02-01
post_extension,mo_sin_old_rev_tl_op,877671,877671,1.0,2017-10-01
primary_oot,mo_sin_old_rev_tl_op,376890,376890,1.0,2016-04-01
probability_calibration,mo_sin_old_rev_tl_op,14101,0,0.0,
censored_extension,mo_sin_rcnt_rev_tl_op,88227,88227,1.0,2017-07-01
conformal_fit,mo_sin_rcnt_rev_tl_op,49007,26456,0.5398412471687718,2012-08-01
maturity_gap,mo_sin_rcnt_rev_tl_op,541863,541863,1.0,2014-01-01
pd_development,mo_sin_rcnt_rev_tl_op,17433,0,0.0,
policy_development,mo_sin_rcnt_rev_tl_op,94885,94885,1.0,2013-02-01
post_extension,mo_sin_rcnt_rev_tl_op,877671,877671,1.0,2017-10-01
primary_oot,mo_sin_rcnt_rev_tl_op,376890,376890,1.0,2016-04-01
probability_calibration,mo_sin_rcnt_rev_tl_op,14101,0,0.0,
censored_extension,mo_sin_rcnt_tl,88227,88227,1.0,2017-07-01
conformal_fit,mo_sin_rcnt_tl,49007,26457,0.5398616524170017,2012-08-01
maturity_gap,mo_sin_rcnt_tl,541863,541863,1.0,2014-01-01
pd_development,mo_sin_rcnt_tl,17433,0,0.0,
policy_development,mo_sin_rcnt_tl,94885,94885,1.0,2013-02-01
post_extension,mo_sin_rcnt_tl,877671,877671,1.0,2017-10-01
primary_oot,mo_sin_rcnt_tl,376890,376890,1.0,2016-04-01
probability_calibration,mo_sin_rcnt_tl,14101,0,0.0,
censored_extension,mort_acc,88227,88227,1.0,2017-07-01
conformal_fit,mort_acc,49007,42982,0.8770583794151856,2012-03-01
maturity_gap,mort_acc,541863,541863,1.0,2014-01-01
pd_development,mort_acc,17433,0,0.0,
policy_development,mort_acc,94885,94885,1.0,2013-02-01
post_extension,mort_acc,877671,877671,1.0,2017-10-01
primary_oot,mort_acc,376890,376890,1.0,2016-04-01
probability_calibration,mort_acc,14101,0,0.0,
censored_extension,mths_since_last_delinq,88227,45046,0.5105693268500573,2017-07-01
conformal_fit,mths_since_last_delinq,49007,20201,0.4122064194910931,2012-01-01
maturity_gap,mths_since_last_delinq,541863,280616,0.517872598793422,2014-01-01
pd_development,mths_since_last_delinq,17433,7049,0.4043480754890151,2007-06-01
policy_development,mths_since_last_delinq,94885,41288,0.43513727143384096,2013-02-01
post_extension,mths_since_last_delinq,877671,393306,0.44812463895924554,2017-10-01
primary_oot,mths_since_last_delinq,376890,199207,0.5285547507230226,2016-04-01
probability_calibration,mths_since_last_delinq,14101,4739,0.33607545564144387,2011-01-01
censored_extension,mths_since_last_major_derog,88227,24359,0.2760946195609054,2017-07-01
conformal_fit,mths_since_last_major_derog,49007,5507,0.11237170200175485,2012-08-01
maturity_gap,mths_since_last_major_derog,541863,161058,0.29723011167029306,2014-01-01
pd_development,mths_since_last_major_derog,17433,0,0.0,
policy_development,mths_since_last_major_derog,94885,19510,0.20561732623702378,2013-02-01
post_extension,mths_since_last_major_derog,877671,204263,0.23273299448198698,2017-10-01
primary_oot,mths_since_last_major_derog,376890,109114,0.2895115285627106,2016-04-01
probability_calibration,mths_since_last_major_derog,14101,0,0.0,
censored_extension,mths_since_last_record,88227,13525,0.15329774332120552,2017-07-01
conformal_fit,mths_since_last_record,49007,2258,0.04607505050298937,2012-01-01
maturity_gap,mths_since_last_record,541863,101142,0.1866560366734765,2014-01-01
pd_development,mths_since_last_record,17433,2279,0.13072907703780187,2007-06-01
policy_development,mths_since_last_record,94885,11586,0.12210570690836275,2013-02-01
post_extension,mths_since_last_record,877671,102884,0.11722388001882254,2017-10-01
primary_oot,mths_since_last_record,376890,74664,0.19810554803788905,2016-04-01
probability_calibration,mths_since_last_record,14101,724,0.05134387632082831,2011-01-01
censored_extension,mths_since_rcnt_il,88227,85283,0.9666315300304895,2017-07-01
conformal_fit,mths_since_rcnt_il,49007,0,0.0,
maturity_gap,mths_since_rcnt_il,541863,107494,0.19837855694151474,2015-12-01
pd_development,mths_since_rcnt_il,17433,0,0.0,
policy_development,mths_since_rcnt_il,94885,0,0.0,
post_extension,mths_since_rcnt_il,877671,846638,0.9646416481802407,2017-10-01
primary_oot,mths_since_rcnt_il,376890,365451,0.9696489691952559,2016-04-01
probability_calibration,mths_since_rcnt_il,14101,0,0.0,
censored_extension,mths_since_recent_bc,88227,86955,0.9855826447686082,2017-07-01
conformal_fit,mths_since_recent_bc,49007,42576,0.8687738486338686,2012-03-01
maturity_gap,mths_since_recent_bc,541863,536726,0.9905197439205112,2014-01-01
pd_development,mths_since_recent_bc,17433,0,0.0,
policy_development,mths_since_recent_bc,94885,94221,0.993002055119355,2013-02-01
post_extension,mths_since_recent_bc,877671,866584,0.9873677038434675,2017-10-01
primary_oot,mths_since_recent_bc,376890,372525,0.9884183714081032,2016-04-01
probability_calibration,mths_since_recent_bc,14101,0,0.0,
censored_extension,mths_since_recent_bc_dlq,88227,21199,0.24027791945776236,2017-07-01
conformal_fit,mths_since_recent_bc_dlq,49007,6748,0.13769461505499214,2012-08-01
maturity_gap,mths_since_recent_bc_dlq,541863,142316,0.26264203313383644,2014-01-01
pd_development,mths_since_recent_bc_dlq,17433,0,0.0,
policy_development,mths_since_recent_bc_dlq,94885,21258,0.22403962691679402,2013-02-01
post_extension,mths_since_recent_bc_dlq,877671,181016,0.20624584838737978,2017-10-01
primary_oot,mths_since_recent_bc_dlq,376890,95571,0.2535779670460877,2016-04-01
probability_calibration,mths_since_recent_bc_dlq,14101,0,0.0,
censored_extension,mths_since_recent_inq,88227,77926,0.8832443583030138,2017-07-01
conformal_fit,mths_since_recent_inq,49007,37444,0.7640541147183055,2012-03-01
maturity_gap,mths_since_recent_inq,541863,484954,0.8949752981842274,2014-01-01
pd_development,mths_since_recent_inq,17433,0,0.0,
policy_development,mths_since_recent_inq,94885,84244,0.8878537176582179,2013-02-01
post_extension,mths_since_recent_inq,877671,772491,0.8801601055520805,2017-10-01
primary_oot,mths_since_recent_inq,376890,334303,0.8870041656716814,2016-04-01
probability_calibration,mths_since_recent_inq,14101,0,0.0,
censored_extension,mths_since_recent_revol_delinq,88227,30834,0.34948485157604814,2017-07-01
conformal_fit,mths_since_recent_revol_delinq,49007,13042,0.2661252474136348,2012-03-01
maturity_gap,mths_since_recent_revol_delinq,541863,197641,0.3647434868223149,2014-01-01
pd_development,mths_since_recent_revol_delinq,17433,0,0.0,
policy_development,mths_since_recent_revol_delinq,94885,28666,0.3021130842598936,2013-02-01
post_extension,mths_since_recent_revol_delinq,877671,262777,0.2994026235343312,2017-10-01
primary_oot,mths_since_recent_revol_delinq,376890,136865,0.36314309214890284,2016-04-01
probability_calibration,mths_since_recent_revol_delinq,14101,0,0.0,
censored_extension,next_pymnt_d,88227,28725,0.32558060457683025,2017-07-01
conformal_fit,next_pymnt_d,49007,0,0.0,
maturity_gap,next_pymnt_d,541863,0,0.0,
pd_development,next_pymnt_d,17433,2438,0.139849710319509,2007-06-01
policy_development,next_pymnt_d,94885,0,0.0,
post_extension,next_pymnt_d,877671,624064,0.7110454828745624,2017-10-01
primary_oot,next_pymnt_d,376890,11551,0.03064819973997718,2016-08-01
probability_calibration,next_pymnt_d,14101,0,0.0,
censored_extension,num_accts_ever_120_pd,88227,88227,1.0,2017-07-01
conformal_fit,num_accts_ever_120_pd,49007,26457,0.5398616524170017,2012-08-01
maturity_gap,num_accts_ever_120_pd,541863,541863,1.0,2014-01-01
pd_development,num_accts_ever_120_pd,17433,0,0.0,
policy_development,num_accts_ever_120_pd,94885,94885,1.0,2013-02-01
post_extension,num_accts_ever_120_pd,877671,877671,1.0,2017-10-01
primary_oot,num_accts_ever_120_pd,376890,376890,1.0,2016-04-01
probability_calibration,num_accts_ever_120_pd,14101,0,0.0,
censored_extension,num_actv_bc_tl,88227,88227,1.0,2017-07-01
conformal_fit,num_actv_bc_tl,49007,26457,0.5398616524170017,2012-08-01
maturity_gap,num_actv_bc_tl,541863,541863,1.0,2014-01-01
pd_development,num_actv_bc_tl,17433,0,0.0,
policy_development,num_actv_bc_tl,94885,94885,1.0,2013-02-01
post_extension,num_actv_bc_tl,877671,877671,1.0,2017-10-01
primary_oot,num_actv_bc_tl,376890,376890,1.0,2016-04-01
probability_calibration,num_actv_bc_tl,14101,0,0.0,
censored_extension,num_actv_rev_tl,88227,88227,1.0,2017-07-01
conformal_fit,num_actv_rev_tl,49007,26457,0.5398616524170017,2012-08-01
maturity_gap,num_actv_rev_tl,541863,541863,1.0,2014-01-01
pd_development,num_actv_rev_tl,17433,0,0.0,
policy_development,num_actv_rev_tl,94885,94885,1.0,2013-02-01
post_extension,num_actv_rev_tl,877671,877671,1.0,2017-10-01
primary_oot,num_actv_rev_tl,376890,376890,1.0,2016-04-01
probability_calibration,num_actv_rev_tl,14101,0,0.0,
censored_extension,num_bc_sats,88227,88227,1.0,2017-07-01
conformal_fit,num_bc_sats,49007,36031,0.7352214989695349,2012-06-01
maturity_gap,num_bc_sats,541863,541863,1.0,2014-01-01
pd_development,num_bc_sats,17433,0,0.0,
policy_development,num_bc_sats,94885,94885,1.0,2013-02-01
post_extension,num_bc_sats,877671,877671,1.0,2017-10-01
primary_oot,num_bc_sats,376890,376890,1.0,2016-04-01
probability_calibration,num_bc_sats,14101,0,0.0,
censored_extension,num_bc_tl,88227,88227,1.0,2017-07-01
conformal_fit,num_bc_tl,49007,26457,0.5398616524170017,2012-08-01
maturity_gap,num_bc_tl,541863,541863,1.0,2014-01-01
pd_development,num_bc_tl,17433,0,0.0,
policy_development,num_bc_tl,94885,94885,1.0,2013-02-01
post_extension,num_bc_tl,877671,877671,1.0,2017-10-01
primary_oot,num_bc_tl,376890,376890,1.0,2016-04-01
probability_calibration,num_bc_tl,14101,0,0.0,
censored_extension,num_il_tl,88227,88227,1.0,2017-07-01
conformal_fit,num_il_tl,49007,26457,0.5398616524170017,2012-08-01
maturity_gap,num_il_tl,541863,541863,1.0,2014-01-01
pd_development,num_il_tl,17433,0,0.0,
policy_development,num_il_tl,94885,94885,1.0,2013-02-01
post_extension,num_il_tl,877671,877671,1.0,2017-10-01
primary_oot,num_il_tl,376890,376890,1.0,2016-04-01
probability_calibration,num_il_tl,14101,0,0.0,
censored_extension,num_op_rev_tl,88227,88227,1.0,2017-07-01
conformal_fit,num_op_rev_tl,49007,26457,0.5398616524170017,2012-08-01
maturity_gap,num_op_rev_tl,541863,541863,1.0,2014-01-01
pd_development,num_op_rev_tl,17433,0,0.0,
policy_development,num_op_rev_tl,94885,94885,1.0,2013-02-01
post_extension,num_op_rev_tl,877671,877671,1.0,2017-10-01
primary_oot,num_op_rev_tl,376890,376890,1.0,2016-04-01
probability_calibration,num_op_rev_tl,14101,0,0.0,
censored_extension,num_rev_accts,88227,88227,1.0,2017-07-01
conformal_fit,num_rev_accts,49007,26457,0.5398616524170017,2012-08-01
maturity_gap,num_rev_accts,541863,541862,0.9999981545150711,2014-01-01
pd_development,num_rev_accts,17433,0,0.0,
policy_development,num_rev_accts,94885,94885,1.0,2013-02-01
post_extension,num_rev_accts,877671,877671,1.0,2017-10-01
primary_oot,num_rev_accts,376890,376890,1.0,2016-04-01
probability_calibration,num_rev_accts,14101,0,0.0,
censored_extension,num_rev_tl_bal_gt_0,88227,88227,1.0,2017-07-01
conformal_fit,num_rev_tl_bal_gt_0,49007,26457,0.5398616524170017,2012-08-01
maturity_gap,num_rev_tl_bal_gt_0,541863,541863,1.0,2014-01-01
pd_development,num_rev_tl_bal_gt_0,17433,0,0.0,
policy_development,num_rev_tl_bal_gt_0,94885,94885,1.0,2013-02-01
post_extension,num_rev_tl_bal_gt_0,877671,877671,1.0,2017-10-01
primary_oot,num_rev_tl_bal_gt_0,376890,376890,1.0,2016-04-01
probability_calibration,num_rev_tl_bal_gt_0,14101,0,0.0,
censored_extension,num_sats,88227,88227,1.0,2017-07-01
conformal_fit,num_sats,49007,36031,0.7352214989695349,2012-06-01
maturity_gap,num_sats,541863,541863,1.0,2014-01-01
pd_development,num_sats,17433,0,0.0,
policy_development,num_sats,94885,94885,1.0,2013-02-01
post_extension,num_sats,877671,877671,1.0,2017-10-01
primary_oot,num_sats,376890,376890,1.0,2016-04-01
probability_calibration,num_sats,14101,0,0.0,
censored_extension,num_tl_120dpd_2m,88227,84791,0.9610550058372154,2017-07-01
conformal_fit,num_tl_120dpd_2m,49007,26457,0.5398616524170017,2012-08-01
maturity_gap,num_tl_120dpd_2m,541863,516019,0.9523052874988697,2014-01-01
pd_development,num_tl_120dpd_2m,17433,0,0.0,
policy_development,num_tl_120dpd_2m,94885,94672,0.9977551773199136,2013-02-01
post_extension,num_tl_120dpd_2m,877671,859416,0.9792006344062867,2017-10-01
primary_oot,num_tl_120dpd_2m,376890,360842,0.9574199368516013,2016-04-01
probability_calibration,num_tl_120dpd_2m,14101,0,0.0,
censored_extension,num_tl_30dpd,88227,88227,1.0,2017-07-01
conformal_fit,num_tl_30dpd,49007,26457,0.5398616524170017,2012-08-01
maturity_gap,num_tl_30dpd,541863,541863,1.0,2014-01-01
pd_development,num_tl_30dpd,17433,0,0.0,
policy_development,num_tl_30dpd,94885,94885,1.0,2013-02-01
post_extension,num_tl_30dpd,877671,877671,1.0,2017-10-01
primary_oot,num_tl_30dpd,376890,376890,1.0,2016-04-01
probability_calibration,num_tl_30dpd,14101,0,0.0,
censored_extension,num_tl_90g_dpd_24m,88227,88227,1.0,2017-07-01
conformal_fit,num_tl_90g_dpd_24m,49007,26457,0.5398616524170017,2012-08-01
maturity_gap,num_tl_90g_dpd_24m,541863,541863,1.0,2014-01-01
pd_development,num_tl_90g_dpd_24m,17433,0,0.0,
policy_development,num_tl_90g_dpd_24m,94885,94885,1.0,2013-02-01
post_extension,num_tl_90g_dpd_24m,877671,877671,1.0,2017-10-01
primary_oot,num_tl_90g_dpd_24m,376890,376890,1.0,2016-04-01
probability_calibration,num_tl_90g_dpd_24m,14101,0,0.0,
censored_extension,num_tl_op_past_12m,88227,88227,1.0,2017-07-01
conformal_fit,num_tl_op_past_12m,49007,26457,0.5398616524170017,2012-08-01
maturity_gap,num_tl_op_past_12m,541863,541863,1.0,2014-01-01
pd_development,num_tl_op_past_12m,17433,0,0.0,
policy_development,num_tl_op_past_12m,94885,94885,1.0,2013-02-01
post_extension,num_tl_op_past_12m,877671,877671,1.0,2017-10-01
primary_oot,num_tl_op_past_12m,376890,376890,1.0,2016-04-01
probability_calibration,num_tl_op_past_12m,14101,0,0.0,
censored_extension,open_acc,88227,88227,1.0,2017-07-01
conformal_fit,open_acc,49007,49007,1.0,2012-01-01
maturity_gap,open_acc,541863,541863,1.0,2014-01-01
pd_development,open_acc,17433,17404,0.9983364882693742,2007-06-01
policy_development,open_acc,94885,94885,1.0,2013-02-01
post_extension,open_acc,877671,877671,1.0,2017-10-01
primary_oot,open_acc,376890,376890,1.0,2016-04-01
probability_calibration,open_acc,14101,14101,1.0,2011-01-01
censored_extension,open_acc_6m,88227,88227,1.0,2017-07-01
conformal_fit,open_acc_6m,49007,0,0.0,
maturity_gap,open_acc_6m,541863,111012,0.20487097292119963,2015-12-01
pd_development,open_acc_6m,17433,0,0.0,
policy_development,open_acc_6m,94885,0,0.0,
post_extension,open_acc_6m,877671,877671,1.0,2017-10-01
primary_oot,open_acc_6m,376890,376890,1.0,2016-04-01
probability_calibration,open_acc_6m,14101,0,0.0,
censored_extension,open_act_il,88227,88227,1.0,2017-07-01
conformal_fit,open_act_il,49007,0,0.0,
maturity_gap,open_act_il,541863,111012,0.20487097292119963,2015-12-01
pd_development,open_act_il,17433,0,0.0,
policy_development,open_act_il,94885,0,0.0,
post_extension,open_act_il,877671,877671,1.0,2017-10-01
primary_oot,open_act_il,376890,376890,1.0,2016-04-01
probability_calibration,open_act_il,14101,0,0.0,
censored_extension,open_il_12m,88227,88227,1.0,2017-07-01
conformal_fit,open_il_12m,49007,0,0.0,
maturity_gap,open_il_12m,541863,111012,0.20487097292119963,2015-12-01
pd_development,open_il_12m,17433,0,0.0,
policy_development,open_il_12m,94885,0,0.0,
post_extension,open_il_12m,877671,877671,1.0,2017-10-01
primary_oot,open_il_12m,376890,376890,1.0,2016-04-01
probability_calibration,open_il_12m,14101,0,0.0,
censored_extension,open_il_24m,88227,88227,1.0,2017-07-01
conformal_fit,open_il_24m,49007,0,0.0,
maturity_gap,open_il_24m,541863,111012,0.20487097292119963,2015-12-01
pd_development,open_il_24m,17433,0,0.0,
policy_development,open_il_24m,94885,0,0.0,
post_extension,open_il_24m,877671,877671,1.0,2017-10-01
primary_oot,open_il_24m,376890,376890,1.0,2016-04-01
probability_calibration,open_il_24m,14101,0,0.0,
censored_extension,open_rv_12m,88227,88227,1.0,2017-07-01
conformal_fit,open_rv_12m,49007,0,0.0,
maturity_gap,open_rv_12m,541863,111012,0.20487097292119963,2015-12-01
pd_development,open_rv_12m,17433,0,0.0,
policy_development,open_rv_12m,94885,0,0.0,
post_extension,open_rv_12m,877671,877671,1.0,2017-10-01
primary_oot,open_rv_12m,376890,376890,1.0,2016-04-01
probability_calibration,open_rv_12m,14101,0,0.0,
censored_extension,open_rv_24m,88227,88227,1.0,2017-07-01
conformal_fit,open_rv_24m,49007,0,0.0,
maturity_gap,open_rv_24m,541863,111012,0.20487097292119963,2015-12-01
pd_development,open_rv_24m,17433,0,0.0,
policy_development,open_rv_24m,94885,0,0.0,
post_extension,open_rv_24m,877671,877671,1.0,2017-10-01
primary_oot,open_rv_24m,376890,376890,1.0,2016-04-01
probability_calibration,open_rv_24m,14101,0,0.0,
censored_extension,orig_projected_additional_accrued_interest,88227,5094,0.05773742731816791,2017-07-01
conformal_fit,orig_projected_additional_accrued_interest,49007,0,0.0,
maturity_gap,orig_projected_additional_accrued_interest,541863,1800,0.0033218728719251914,2014-08-01
pd_development,orig_projected_additional_accrued_interest,17433,0,0.0,
policy_development,orig_projected_additional_accrued_interest,94885,0,0.0,
post_extension,orig_projected_additional_accrued_interest,877671,94886,0.1081111259230395,2017-10-01
primary_oot,orig_projected_additional_accrued_interest,376890,6199,0.01644776990633872,2016-04-01
probability_calibration,orig_projected_additional_accrued_interest,14101,0,0.0,
censored_extension,out_prncp,88227,88227,1.0,2017-07-01
conformal_fit,out_prncp,49007,49007,1.0,2012-01-01
maturity_gap,out_prncp,541863,541863,1.0,2014-01-01
pd_development,out_prncp,17433,17433,1.0,2007-06-01
policy_development,out_prncp,94885,94885,1.0,2013-02-01
post_extension,out_prncp,877671,877671,1.0,2017-10-01
primary_oot,out_prncp,376890,376890,1.0,2016-04-01
probability_calibration,out_prncp,14101,14101,1.0,2011-01-01
censored_extension,out_prncp_inv,88227,88227,1.0,2017-07-01
conformal_fit,out_prncp_inv,49007,49007,1.0,2012-01-01
maturity_gap,out_prncp_inv,541863,541863,1.0,2014-01-01
pd_development,out_prncp_inv,17433,17433,1.0,2007-06-01
policy_development,out_prncp_inv,94885,94885,1.0,2013-02-01
post_extension,out_prncp_inv,877671,877671,1.0,2017-10-01
primary_oot,out_prncp_inv,376890,376890,1.0,2016-04-01
probability_calibration,out_prncp_inv,14101,14101,1.0,2011-01-01
censored_extension,payment_plan_start_date,88227,3579,0.04056581318643952,2017-07-01
conformal_fit,payment_plan_start_date,49007,0,0.0,
maturity_gap,payment_plan_start_date,541863,2205,0.0040692942681083595,2014-08-01
pd_development,payment_plan_start_date,17433,0,0.0,
policy_development,payment_plan_start_date,94885,0,0.0,
post_extension,payment_plan_start_date,877671,74396,0.08476524802574086,2017-10-01
primary_oot,payment_plan_start_date,376890,5254,0.013940407015309507,2016-04-01
probability_calibration,payment_plan_start_date,14101,0,0.0,
censored_extension,pct_tl_nvr_dlq,88227,88227,1.0,2017-07-01
conformal_fit,pct_tl_nvr_dlq,49007,26457,0.5398616524170017,2012-08-01
maturity_gap,pct_tl_nvr_dlq,541863,541863,1.0,2014-01-01
pd_development,pct_tl_nvr_dlq,17433,0,0.0,
policy_development,pct_tl_nvr_dlq,94885,94771,0.9987985456078411,2013-02-01
post_extension,pct_tl_nvr_dlq,877671,877669,0.9999977212417865,2017-10-01
primary_oot,pct_tl_nvr_dlq,376890,376890,1.0,2016-04-01
probability_calibration,pct_tl_nvr_dlq,14101,0,0.0,
censored_extension,percent_bc_gt_75,88227,86878,0.9847098960635633,2017-07-01
conformal_fit,percent_bc_gt_75,49007,42516,0.8675495337400779,2012-03-01
maturity_gap,percent_bc_gt_75,541863,536046,0.9892648141688951,2014-01-01
pd_development,percent_bc_gt_75,17433,0,0.0,
policy_development,percent_bc_gt_75,94885,94125,0.9919903040522738,2013-02-01
post_extension,percent_bc_gt_75,877671,865842,0.9865222845462593,2017-10-01
primary_oot,percent_bc_gt_75,376890,372279,0.9877656610682162,2016-04-01
probability_calibration,percent_bc_gt_75,14101,0,0.0,
censored_extension,policy_code,88227,88227,1.0,2017-07-01
conformal_fit,policy_code,49007,49007,1.0,2012-01-01
maturity_gap,policy_code,541863,541863,1.0,2014-01-01
pd_development,policy_code,17433,17433,1.0,2007-06-01
policy_development,policy_code,94885,94885,1.0,2013-02-01
post_extension,policy_code,877671,877671,1.0,2017-10-01
primary_oot,policy_code,376890,376890,1.0,2016-04-01
probability_calibration,policy_code,14101,14101,1.0,2011-01-01
censored_extension,pub_rec,88227,88227,1.0,2017-07-01
conformal_fit,pub_rec,49007,49007,1.0,2012-01-01
maturity_gap,pub_rec,541863,541863,1.0,2014-01-01
pd_development,pub_rec,17433,17404,0.9983364882693742,2007-06-01
policy_development,pub_rec,94885,94885,1.0,2013-02-01
post_extension,pub_rec,877671,877671,1.0,2017-10-01
primary_oot,pub_rec,376890,376890,1.0,2016-04-01
probability_calibration,pub_rec,14101,14101,1.0,2011-01-01
censored_extension,pub_rec_bankruptcies,88227,88227,1.0,2017-07-01
conformal_fit,pub_rec_bankruptcies,49007,49007,1.0,2012-01-01
maturity_gap,pub_rec_bankruptcies,541863,541863,1.0,2014-01-01
pd_development,pub_rec_bankruptcies,17433,16068,0.9217002237136466,2007-08-01
policy_development,pub_rec_bankruptcies,94885,94885,1.0,2013-02-01
post_extension,pub_rec_bankruptcies,877671,877671,1.0,2017-10-01
primary_oot,pub_rec_bankruptcies,376890,376890,1.0,2016-04-01
probability_calibration,pub_rec_bankruptcies,14101,14101,1.0,2011-01-01
censored_extension,purpose,88227,88227,1.0,2017-07-01
conformal_fit,purpose,49007,49007,1.0,2012-01-01
maturity_gap,purpose,541863,541863,1.0,2014-01-01
pd_development,purpose,17433,17433,1.0,2007-06-01
policy_development,purpose,94885,94885,1.0,2013-02-01
post_extension,purpose,877671,877671,1.0,2017-10-01
primary_oot,purpose,376890,376890,1.0,2016-04-01
probability_calibration,purpose,14101,14101,1.0,2011-01-01
censored_extension,pymnt_plan,88227,88227,1.0,2017-07-01
conformal_fit,pymnt_plan,49007,49007,1.0,2012-01-01
maturity_gap,pymnt_plan,541863,541863,1.0,2014-01-01
pd_development,pymnt_plan,17433,17433,1.0,2007-06-01
policy_development,pymnt_plan,94885,94885,1.0,2013-02-01
post_extension,pymnt_plan,877671,877671,1.0,2017-10-01
primary_oot,pymnt_plan,376890,376890,1.0,2016-04-01
probability_calibration,pymnt_plan,14101,14101,1.0,2011-01-01
censored_extension,recoveries,88227,88227,1.0,2017-07-01
conformal_fit,recoveries,49007,49007,1.0,2012-01-01
maturity_gap,recoveries,541863,541863,1.0,2014-01-01
pd_development,recoveries,17433,17433,1.0,2007-06-01
policy_development,recoveries,94885,94885,1.0,2013-02-01
post_extension,recoveries,877671,877671,1.0,2017-10-01
primary_oot,recoveries,376890,376890,1.0,2016-04-01
probability_calibration,recoveries,14101,14101,1.0,2011-01-01
censored_extension,revol_bal,88227,88227,1.0,2017-07-01
conformal_fit,revol_bal,49007,49007,1.0,2012-01-01
maturity_gap,revol_bal,541863,541863,1.0,2014-01-01
pd_development,revol_bal,17433,17433,1.0,2007-06-01
policy_development,revol_bal,94885,94885,1.0,2013-02-01
post_extension,revol_bal,877671,877671,1.0,2017-10-01
primary_oot,revol_bal,376890,376890,1.0,2016-04-01
probability_calibration,revol_bal,14101,14101,1.0,2011-01-01
censored_extension,revol_bal_joint,88227,7699,0.08726353610572728,2017-07-01
conformal_fit,revol_bal_joint,49007,0,0.0,
maturity_gap,revol_bal_joint,541863,0,0.0,
pd_development,revol_bal_joint,17433,0,0.0,
policy_development,revol_bal_joint,94885,0,0.0,
post_extension,revol_bal_joint,877671,99854,0.11377156132537135,2017-10-01
primary_oot,revol_bal_joint,376890,4298,0.0114038578895699,2017-03-01
probability_calibration,revol_bal_joint,14101,0,0.0,
censored_extension,revol_util,88227,88125,0.9988438913257847,2017-07-01
conformal_fit,revol_util,49007,48964,0.9991225743261167,2012-01-01
maturity_gap,revol_util,541863,541600,0.9995146374637132,2014-01-01
pd_development,revol_util,17433,17354,0.9954683645958814,2007-06-01
policy_development,revol_util,94885,94831,0.9994308900247668,2013-02-01
post_extension,revol_util,877671,876483,0.9986464176211816,2017-10-01
primary_oot,revol_util,376890,376633,0.9993181034254026,2016-04-01
probability_calibration,revol_util,14101,14094,0.9995035813062904,2011-01-01
censored_extension,sec_app_chargeoff_within_12_mths,88227,7699,0.08726353610572728,2017-07-01
conformal_fit,sec_app_chargeoff_within_12_mths,49007,0,0.0,
maturity_gap,sec_app_chargeoff_within_12_mths,541863,0,0.0,
pd_development,sec_app_chargeoff_within_12_mths,17433,0,0.0,
policy_development,sec_app_chargeoff_within_12_mths,94885,0,0.0,
post_extension,sec_app_chargeoff_within_12_mths,877671,99855,0.1137727007044781,2017-10-01
primary_oot,sec_app_chargeoff_within_12_mths,376890,4298,0.0114038578895699,2017-03-01
probability_calibration,sec_app_chargeoff_within_12_mths,14101,0,0.0,
censored_extension,sec_app_collections_12_mths_ex_med,88227,7699,0.08726353610572728,2017-07-01
conformal_fit,sec_app_collections_12_mths_ex_med,49007,0,0.0,
maturity_gap,sec_app_collections_12_mths_ex_med,541863,0,0.0,
pd_development,sec_app_collections_12_mths_ex_med,17433,0,0.0,
policy_development,sec_app_collections_12_mths_ex_med,94885,0,0.0,
post_extension,sec_app_collections_12_mths_ex_med,877671,99855,0.1137727007044781,2017-10-01
primary_oot,sec_app_collections_12_mths_ex_med,376890,4298,0.0114038578895699,2017-03-01
probability_calibration,sec_app_collections_12_mths_ex_med,14101,0,0.0,
censored_extension,sec_app_earliest_cr_line,88227,7699,0.08726353610572728,2017-07-01
conformal_fit,sec_app_earliest_cr_line,49007,0,0.0,
maturity_gap,sec_app_earliest_cr_line,541863,0,0.0,
pd_development,sec_app_earliest_cr_line,17433,0,0.0,
policy_development,sec_app_earliest_cr_line,94885,0,0.0,
post_extension,sec_app_earliest_cr_line,877671,99855,0.1137727007044781,2017-10-01
primary_oot,sec_app_earliest_cr_line,376890,4298,0.0114038578895699,2017-03-01
probability_calibration,sec_app_earliest_cr_line,14101,0,0.0,
censored_extension,sec_app_fico_range_high,88227,7699,0.08726353610572728,2017-07-01
conformal_fit,sec_app_fico_range_high,49007,0,0.0,
maturity_gap,sec_app_fico_range_high,541863,0,0.0,
pd_development,sec_app_fico_range_high,17433,0,0.0,
policy_development,sec_app_fico_range_high,94885,0,0.0,
post_extension,sec_app_fico_range_high,877671,99855,0.1137727007044781,2017-10-01
primary_oot,sec_app_fico_range_high,376890,4298,0.0114038578895699,2017-03-01
probability_calibration,sec_app_fico_range_high,14101,0,0.0,
censored_extension,sec_app_fico_range_low,88227,7699,0.08726353610572728,2017-07-01
conformal_fit,sec_app_fico_range_low,49007,0,0.0,
maturity_gap,sec_app_fico_range_low,541863,0,0.0,
pd_development,sec_app_fico_range_low,17433,0,0.0,
policy_development,sec_app_fico_range_low,94885,0,0.0,
post_extension,sec_app_fico_range_low,877671,99855,0.1137727007044781,2017-10-01
primary_oot,sec_app_fico_range_low,376890,4298,0.0114038578895699,2017-03-01
probability_calibration,sec_app_fico_range_low,14101,0,0.0,
censored_extension,sec_app_inq_last_6mths,88227,7699,0.08726353610572728,2017-07-01
conformal_fit,sec_app_inq_last_6mths,49007,0,0.0,
maturity_gap,sec_app_inq_last_6mths,541863,0,0.0,
pd_development,sec_app_inq_last_6mths,17433,0,0.0,
policy_development,sec_app_inq_last_6mths,94885,0,0.0,
post_extension,sec_app_inq_last_6mths,877671,99855,0.1137727007044781,2017-10-01
primary_oot,sec_app_inq_last_6mths,376890,4298,0.0114038578895699,2017-03-01
probability_calibration,sec_app_inq_last_6mths,14101,0,0.0,
censored_extension,sec_app_mort_acc,88227,7699,0.08726353610572728,2017-07-01
conformal_fit,sec_app_mort_acc,49007,0,0.0,
maturity_gap,sec_app_mort_acc,541863,0,0.0,
pd_development,sec_app_mort_acc,17433,0,0.0,
policy_development,sec_app_mort_acc,94885,0,0.0,
post_extension,sec_app_mort_acc,877671,99855,0.1137727007044781,2017-10-01
primary_oot,sec_app_mort_acc,376890,4298,0.0114038578895699,2017-03-01
probability_calibration,sec_app_mort_acc,14101,0,0.0,
censored_extension,sec_app_num_rev_accts,88227,7699,0.08726353610572728,2017-07-01
conformal_fit,sec_app_num_rev_accts,49007,0,0.0,
maturity_gap,sec_app_num_rev_accts,541863,0,0.0,
pd_development,sec_app_num_rev_accts,17433,0,0.0,
policy_development,sec_app_num_rev_accts,94885,0,0.0,
post_extension,sec_app_num_rev_accts,877671,99855,0.1137727007044781,2017-10-01
primary_oot,sec_app_num_rev_accts,376890,4298,0.0114038578895699,2017-03-01
probability_calibration,sec_app_num_rev_accts,14101,0,0.0,
censored_extension,sec_app_open_acc,88227,7699,0.08726353610572728,2017-07-01
conformal_fit,sec_app_open_acc,49007,0,0.0,
maturity_gap,sec_app_open_acc,541863,0,0.0,
pd_development,sec_app_open_acc,17433,0,0.0,
policy_development,sec_app_open_acc,94885,0,0.0,
post_extension,sec_app_open_acc,877671,99855,0.1137727007044781,2017-10-01
primary_oot,sec_app_open_acc,376890,4298,0.0114038578895699,2017-03-01
probability_calibration,sec_app_open_acc,14101,0,0.0,
censored_extension,sec_app_open_act_il,88227,7699,0.08726353610572728,2017-07-01
conformal_fit,sec_app_open_act_il,49007,0,0.0,
maturity_gap,sec_app_open_act_il,541863,0,0.0,
pd_development,sec_app_open_act_il,17433,0,0.0,
policy_development,sec_app_open_act_il,94885,0,0.0,
post_extension,sec_app_open_act_il,877671,99855,0.1137727007044781,2017-10-01
primary_oot,sec_app_open_act_il,376890,4298,0.0114038578895699,2017-03-01
probability_calibration,sec_app_open_act_il,14101,0,0.0,
censored_extension,sec_app_revol_util,88227,7548,0.08555204189193784,2017-07-01
conformal_fit,sec_app_revol_util,49007,0,0.0,
maturity_gap,sec_app_revol_util,541863,0,0.0,
pd_development,sec_app_revol_util,17433,0,0.0,
policy_development,sec_app_revol_util,94885,0,0.0,
post_extension,sec_app_revol_util,877671,97757,0.1113822833385175,2017-10-01
primary_oot,sec_app_revol_util,376890,4235,0.011236700363501287,2017-03-01
probability_calibration,sec_app_revol_util,14101,0,0.0,
censored_extension,sub_grade,88227,88227,1.0,2017-07-01
conformal_fit,sub_grade,49007,49007,1.0,2012-01-01
maturity_gap,sub_grade,541863,541863,1.0,2014-01-01
pd_development,sub_grade,17433,17433,1.0,2007-06-01
policy_development,sub_grade,94885,94885,1.0,2013-02-01
post_extension,sub_grade,877671,877671,1.0,2017-10-01
primary_oot,sub_grade,376890,376890,1.0,2016-04-01
probability_calibration,sub_grade,14101,14101,1.0,2011-01-01
censored_extension,tax_liens,88227,88227,1.0,2017-07-01
conformal_fit,tax_liens,49007,49007,1.0,2012-01-01
maturity_gap,tax_liens,541863,541863,1.0,2014-01-01
pd_development,tax_liens,17433,17328,0.9939769402856651,2007-07-01
policy_development,tax_liens,94885,94885,1.0,2013-02-01
post_extension,tax_liens,877671,877671,1.0,2017-10-01
primary_oot,tax_liens,376890,376890,1.0,2016-04-01
probability_calibration,tax_liens,14101,14101,1.0,2011-01-01
censored_extension,title,88227,88227,1.0,2017-07-01
conformal_fit,title,49007,49006,0.9999795947517701,2012-01-01
maturity_gap,title,541863,534343,0.9861219533350681,2014-01-01
pd_development,title,17433,17424,0.9994837377387713,2007-06-01
policy_development,title,94885,94881,0.9999578437055383,2013-02-01
post_extension,title,877671,877671,1.0,2017-10-01
primary_oot,title,376890,368388,0.9774416938629308,2016-04-01
probability_calibration,title,14101,14101,1.0,2011-01-01
censored_extension,tot_coll_amt,88227,88227,1.0,2017-07-01
conformal_fit,tot_coll_amt,49007,26457,0.5398616524170017,2012-08-01
maturity_gap,tot_coll_amt,541863,541863,1.0,2014-01-01
pd_development,tot_coll_amt,17433,0,0.0,
policy_development,tot_coll_amt,94885,94885,1.0,2013-02-01
post_extension,tot_coll_amt,877671,877671,1.0,2017-10-01
primary_oot,tot_coll_amt,376890,376890,1.0,2016-04-01
probability_calibration,tot_coll_amt,14101,0,0.0,
censored_extension,tot_cur_bal,88227,88227,1.0,2017-07-01
conformal_fit,tot_cur_bal,49007,26457,0.5398616524170017,2012-08-01
maturity_gap,tot_cur_bal,541863,541863,1.0,2014-01-01
pd_development,tot_cur_bal,17433,0,0.0,
policy_development,tot_cur_bal,94885,94885,1.0,2013-02-01
post_extension,tot_cur_bal,877671,877671,1.0,2017-10-01
primary_oot,tot_cur_bal,376890,376890,1.0,2016-04-01
probability_calibration,tot_cur_bal,14101,0,0.0,
censored_extension,tot_hi_cred_lim,88227,88227,1.0,2017-07-01
conformal_fit,tot_hi_cred_lim,49007,26457,0.5398616524170017,2012-08-01
maturity_gap,tot_hi_cred_lim,541863,541863,1.0,2014-01-01
pd_development,tot_hi_cred_lim,17433,0,0.0,
policy_development,tot_hi_cred_lim,94885,94885,1.0,2013-02-01
post_extension,tot_hi_cred_lim,877671,877671,1.0,2017-10-01
primary_oot,tot_hi_cred_lim,376890,376890,1.0,2016-04-01
probability_calibration,tot_hi_cred_lim,14101,0,0.0,
censored_extension,total_acc,88227,88227,1.0,2017-07-01
conformal_fit,total_acc,49007,49007,1.0,2012-01-01
maturity_gap,total_acc,541863,541863,1.0,2014-01-01
pd_development,total_acc,17433,17404,0.9983364882693742,2007-06-01
policy_development,total_acc,94885,94885,1.0,2013-02-01
post_extension,total_acc,877671,877671,1.0,2017-10-01
primary_oot,total_acc,376890,376890,1.0,2016-04-01
probability_calibration,total_acc,14101,14101,1.0,2011-01-01
censored_extension,total_bal_ex_mort,88227,88227,1.0,2017-07-01
conformal_fit,total_bal_ex_mort,49007,42982,0.8770583794151856,2012-03-01
maturity_gap,total_bal_ex_mort,541863,541863,1.0,2014-01-01
pd_development,total_bal_ex_mort,17433,0,0.0,
policy_development,total_bal_ex_mort,94885,94885,1.0,2013-02-01
post_extension,total_bal_ex_mort,877671,877671,1.0,2017-10-01
primary_oot,total_bal_ex_mort,376890,376890,1.0,2016-04-01
probability_calibration,total_bal_ex_mort,14101,0,0.0,
censored_extension,total_bal_il,88227,88227,1.0,2017-07-01
conformal_fit,total_bal_il,49007,0,0.0,
maturity_gap,total_bal_il,541863,111012,0.20487097292119963,2015-12-01
pd_development,total_bal_il,17433,0,0.0,
policy_development,total_bal_il,94885,0,0.0,
post_extension,total_bal_il,877671,877671,1.0,2017-10-01
primary_oot,total_bal_il,376890,376890,1.0,2016-04-01
probability_calibration,total_bal_il,14101,0,0.0,
censored_extension,total_bc_limit,88227,88227,1.0,2017-07-01
conformal_fit,total_bc_limit,49007,42982,0.8770583794151856,2012-03-01
maturity_gap,total_bc_limit,541863,541863,1.0,2014-01-01
pd_development,total_bc_limit,17433,0,0.0,
policy_development,total_bc_limit,94885,94885,1.0,2013-02-01
post_extension,total_bc_limit,877671,877671,1.0,2017-10-01
primary_oot,total_bc_limit,376890,376890,1.0,2016-04-01
probability_calibration,total_bc_limit,14101,0,0.0,
censored_extension,total_cu_tl,88227,88227,1.0,2017-07-01
conformal_fit,total_cu_tl,49007,0,0.0,
maturity_gap,total_cu_tl,541863,111012,0.20487097292119963,2015-12-01
pd_development,total_cu_tl,17433,0,0.0,
policy_development,total_cu_tl,94885,0,0.0,
post_extension,total_cu_tl,877671,877671,1.0,2017-10-01
primary_oot,total_cu_tl,376890,376890,1.0,2016-04-01
probability_calibration,total_cu_tl,14101,0,0.0,
censored_extension,total_il_high_credit_limit,88227,88227,1.0,2017-07-01
conformal_fit,total_il_high_credit_limit,49007,26457,0.5398616524170017,2012-08-01
maturity_gap,total_il_high_credit_limit,541863,541863,1.0,2014-01-01
pd_development,total_il_high_credit_limit,17433,0,0.0,
policy_development,total_il_high_credit_limit,94885,94885,1.0,2013-02-01
post_extension,total_il_high_credit_limit,877671,877671,1.0,2017-10-01
primary_oot,total_il_high_credit_limit,376890,376890,1.0,2016-04-01
probability_calibration,total_il_high_credit_limit,14101,0,0.0,
censored_extension,total_pymnt,88227,88227,1.0,2017-07-01
conformal_fit,total_pymnt,49007,49007,1.0,2012-01-01
maturity_gap,total_pymnt,541863,541863,1.0,2014-01-01
pd_development,total_pymnt,17433,17433,1.0,2007-06-01
policy_development,total_pymnt,94885,94885,1.0,2013-02-01
post_extension,total_pymnt,877671,877671,1.0,2017-10-01
primary_oot,total_pymnt,376890,376890,1.0,2016-04-01
probability_calibration,total_pymnt,14101,14101,1.0,2011-01-01
censored_extension,total_pymnt_inv,88227,88227,1.0,2017-07-01
conformal_fit,total_pymnt_inv,49007,49007,1.0,2012-01-01
maturity_gap,total_pymnt_inv,541863,541863,1.0,2014-01-01
pd_development,total_pymnt_inv,17433,17433,1.0,2007-06-01
policy_development,total_pymnt_inv,94885,94885,1.0,2013-02-01
post_extension,total_pymnt_inv,877671,877671,1.0,2017-10-01
primary_oot,total_pymnt_inv,376890,376890,1.0,2016-04-01
probability_calibration,total_pymnt_inv,14101,14101,1.0,2011-01-01
censored_extension,total_rec_int,88227,88227,1.0,2017-07-01
conformal_fit,total_rec_int,49007,49007,1.0,2012-01-01
maturity_gap,total_rec_int,541863,541863,1.0,2014-01-01
pd_development,total_rec_int,17433,17433,1.0,2007-06-01
policy_development,total_rec_int,94885,94885,1.0,2013-02-01
post_extension,total_rec_int,877671,877671,1.0,2017-10-01
primary_oot,total_rec_int,376890,376890,1.0,2016-04-01
probability_calibration,total_rec_int,14101,14101,1.0,2011-01-01
censored_extension,total_rec_late_fee,88227,88227,1.0,2017-07-01
conformal_fit,total_rec_late_fee,49007,49007,1.0,2012-01-01
maturity_gap,total_rec_late_fee,541863,541863,1.0,2014-01-01
pd_development,total_rec_late_fee,17433,17433,1.0,2007-06-01
policy_development,total_rec_late_fee,94885,94885,1.0,2013-02-01
post_extension,total_rec_late_fee,877671,877671,1.0,2017-10-01
primary_oot,total_rec_late_fee,376890,376890,1.0,2016-04-01
probability_calibration,total_rec_late_fee,14101,14101,1.0,2011-01-01
censored_extension,total_rec_prncp,88227,88227,1.0,2017-07-01
conformal_fit,total_rec_prncp,49007,49007,1.0,2012-01-01
maturity_gap,total_rec_prncp,541863,541863,1.0,2014-01-01
pd_development,total_rec_prncp,17433,17433,1.0,2007-06-01
policy_development,total_rec_prncp,94885,94885,1.0,2013-02-01
post_extension,total_rec_prncp,877671,877671,1.0,2017-10-01
primary_oot,total_rec_prncp,376890,376890,1.0,2016-04-01
probability_calibration,total_rec_prncp,14101,14101,1.0,2011-01-01
censored_extension,total_rev_hi_lim,88227,88227,1.0,2017-07-01
conformal_fit,total_rev_hi_lim,49007,26457,0.5398616524170017,2012-08-01
maturity_gap,total_rev_hi_lim,541863,541863,1.0,2014-01-01
pd_development,total_rev_hi_lim,17433,0,0.0,
policy_development,total_rev_hi_lim,94885,94885,1.0,2013-02-01
post_extension,total_rev_hi_lim,877671,877671,1.0,2017-10-01
primary_oot,total_rev_hi_lim,376890,376890,1.0,2016-04-01
probability_calibration,total_rev_hi_lim,14101,0,0.0,
censored_extension,url,88227,88227,1.0,2017-07-01
conformal_fit,url,49007,49007,1.0,2012-01-01
maturity_gap,url,541863,541863,1.0,2014-01-01
pd_development,url,17433,17433,1.0,2007-06-01
policy_development,url,94885,94885,1.0,2013-02-01
post_extension,url,877671,877671,1.0,2017-10-01
primary_oot,url,376890,376890,1.0,2016-04-01
probability_calibration,url,14101,14101,1.0,2011-01-01
censored_extension,verification_status,88227,88227,1.0,2017-07-01
conformal_fit,verification_status,49007,49007,1.0,2012-01-01
maturity_gap,verification_status,541863,541863,1.0,2014-01-01
pd_development,verification_status,17433,17433,1.0,2007-06-01
policy_development,verification_status,94885,94885,1.0,2013-02-01
post_extension,verification_status,877671,877671,1.0,2017-10-01
primary_oot,verification_status,376890,376890,1.0,2016-04-01
probability_calibration,verification_status,14101,14101,1.0,2011-01-01
censored_extension,verification_status_joint,88227,7699,0.08726353610572728,2017-07-01
conformal_fit,verification_status_joint,49007,0,0.0,
maturity_gap,verification_status_joint,541863,1767,0.0032609718692732294,2015-10-01
pd_development,verification_status_joint,17433,0,0.0,
policy_development,verification_status_joint,94885,0,0.0,
post_extension,verification_status_joint,877671,91431,0.10417457110921974,2017-10-01
primary_oot,verification_status_joint,376890,10047,0.02665764546684709,2016-04-01
probability_calibration,verification_status_joint,14101,0,0.0,
censored_extension,zip_code,88227,88227,1.0,2017-07-01
conformal_fit,zip_code,49007,49007,1.0,2012-01-01
maturity_gap,zip_code,541863,541863,1.0,2014-01-01
pd_development,zip_code,17433,17433,1.0,2007-06-01
policy_development,zip_code,94885,94885,1.0,2013-02-01
post_extension,zip_code,877671,877671,1.0,2017-10-01
primary_oot,zip_code,376890,376889,0.9999973467059354,2016-04-01
probability_calibration,zip_code,14101,14101,1.0,2011-01-01
